run_name,tikhonov_epsilon,subject_id,split,scope,residual_mae_db,residual_rmse_db,erb_proxy_mae_db,contralateral_high_frequency_mae_db,strict_hrir_ild_mae_db
sonicom_pilot_q26_tikh0,0.0,P0001,val,all_793,3.341617015443008,5.0328169993529235,1.229093942651561,4.628438730298961,0.9028314701438405
sonicom_pilot_q26_tikh0,0.0,P0001,val,interpolation_only_767,3.373865258986652,5.067357359373802,1.245261388366533,4.653402770983641,0.9076327221485139
sonicom_pilot_q26_tikh0,0.0,P0002,train,all_793,3.33360500393834,5.041770524680406,1.2502372913050541,4.594455162193431,0.8895120763671865
sonicom_pilot_q26_tikh0,0.0,P0002,train,interpolation_only_767,3.362420278905697,5.0711934214895935,1.2666335577245142,4.617616281333663,0.8966495570774188
sonicom_pilot_q26_tikh0,0.0,P0238,train,all_793,2.9295630333159997,4.502074977310148,1.1909225258598428,4.036382278272369,0.7213797508316542
sonicom_pilot_q26_tikh0,0.0,P0238,train,interpolation_only_767,2.9648289353467554,4.54268608848816,1.2074570227288866,4.066542113568058,0.7276468401456999
sonicom_pilot_q26_tikh0,0.0,P0242,val,all_793,3.2545220425251884,4.884705582427628,1.3220622532891495,4.944195979955357,1.1147910118685094
sonicom_pilot_q26_tikh0,0.0,P0242,val,interpolation_only_767,3.2827987625665873,4.91374861373782,1.3372570006330502,4.9528391475122735,1.120107241491201
sonicom_pilot_q26_tikh0,0.0,P0243,train,all_793,2.8827148254040695,4.464670047013534,1.1503767508782068,4.37264773310815,0.7400536412805361
sonicom_pilot_q26_tikh0,0.0,P0243,train,interpolation_only_767,2.9130247048181666,4.497092677294711,1.1647410247340821,4.391101776677186,0.745480957162983
sonicom_pilot_q26_tikh0,0.0,P0277,val,all_793,3.1753713262463394,4.811520964268648,1.2280598933406042,4.698603596073542,0.8978795184751318
sonicom_pilot_q26_tikh0,0.0,P0277,val,interpolation_only_767,3.2121093940549716,4.851224469706418,1.245005195566148,4.7311549763722205,0.903387675937619
sonicom_pilot_q26_tikh1e8,1e-08,P0001,val,all_793,3.3416169919912493,5.032816995557673,1.229093935726109,4.6284387136865925,0.9028314774761469
sonicom_pilot_q26_tikh1e8,1e-08,P0001,val,interpolation_only_767,3.3738652351744673,5.067357355763941,1.2452613809478117,4.653402757429859,0.9076327294865607
sonicom_pilot_q26_tikh1e8,1e-08,P0002,train,all_793,3.3336050023415833,5.0417705152011125,1.2502372837187332,4.594455152553831,0.8895121414697031
sonicom_pilot_q26_tikh1e8,1e-08,P0002,train,interpolation_only_767,3.362420277054781,5.071193412263054,1.2666335497379615,4.617616268875059,0.8966496212992282
sonicom_pilot_q26_tikh1e8,1e-08,P0238,train,all_793,2.9295630203292315,4.502074971805671,1.1909225035911883,4.036382318849888,0.7213797856673376
sonicom_pilot_q26_tikh1e8,1e-08,P0238,train,interpolation_only_767,2.964828922174296,4.542686081783386,1.207456999840331,4.066542154451696,0.7276468825057931
sonicom_pilot_q26_tikh1e8,1e-08,P0242,val,all_793,3.2545220189024824,4.884705544523456,1.3220622444233523,4.944195981549381,1.1147909872384667
sonicom_pilot_q26_tikh1e8,1e-08,P0242,val,interpolation_only_767,3.2827987390260427,4.913748574153586,1.337256989911554,4.952839148733384,1.1201072095749853
sonicom_pilot_q26_tikh1e8,1e-08,P0243,train,all_793,2.8827148047568523,4.464670050955446,1.1503767265008038,4.372647745810785,0.7400536630794042
sonicom_pilot_q26_tikh1e8,1e-08,P0243,train,interpolation_only_767,2.9130246837402254,4.497092682596615,1.1647410007750207,4.391101783370825,0.745480977564817
sonicom_pilot_q26_tikh1e8,1e-08,P0277,val,all_793,3.1753713068735316,4.811520956184455,1.2280598813021806,4.6986035792116,0.8978795342392416
sonicom_pilot_q26_tikh1e8,1e-08,P0277,val,interpolation_only_767,3.21210937464091,4.851224461105122,1.2450051831512374,4.731154958488755,0.903387697306307
sonicom_pilot_q26_tikh1e6,1e-06,P0001,val,all_793,3.341615802737004,5.032817022163417,1.2290926433036293,4.628436748919325,0.902833240933885
sonicom_pilot_q26_tikh1e6,1e-06,P0001,val,interpolation_only_767,3.3738640396165964,5.067357395405499,1.2452600641863434,4.653400760867084,0.9076346169321665
sonicom_pilot_q26_tikh1e6,1e-06,P0002,train,all_793,3.3336044347539056,5.0417695375067275,1.2502365082256732,4.594455094164401,0.8895143944979536
sonicom_pilot_q26_tikh1e6,1e-06,P0002,train,interpolation_only_767,3.3624196606186914,5.071192533668308,1.266632746054856,4.617616092554202,0.8966519524896275
sonicom_pilot_q26_tikh1e6,1e-06,P0238,train,all_793,2.9295618563076395,4.502074548338603,1.1909212899877157,4.036385209072597,0.7213813518575085
sonicom_pilot_q26_tikh1e6,1e-06,P0238,train,interpolation_only_767,2.964827715207851,4.542685575272008,1.2074557402274786,4.066545004845316,0.7276485185432242
sonicom_pilot_q26_tikh1e6,1e-06,P0242,val,all_793,3.254519584553883,4.884702515358521,1.322060309299543,4.944194606651719,1.1147887556629141
sonicom_pilot_q26_tikh1e6,1e-06,P0242,val,interpolation_only_767,3.2827962451439516,4.913745443147094,1.3372550082008179,4.952837740087862,1.1201050517920683
sonicom_pilot_q26_tikh1e6,1e-06,P0243,train,all_793,2.8827130898002635,4.464669649534095,1.1503751286692818,4.372649770269939,0.7400541366587415
sonicom_pilot_q26_tikh1e6,1e-06,P0243,train,interpolation_only_767,2.913022896554902,4.4970922098649755,1.1647393650889537,4.39110369337924,0.7454814691605658
sonicom_pilot_q26_tikh1e6,1e-06,P0277,val,all_793,3.1753695558140764,4.811520173603953,1.22805821978535,4.69860379775097,0.8978806336112315
sonicom_pilot_q26_tikh1e6,1e-06,P0277,val,interpolation_only_767,3.2121075792686353,4.851223614847161,1.2450034985045073,4.731155170632365,0.9033888544924908
sonicom_pilot_q26_tikh1e4,0.0001,P0001,val,all_793,3.3415000177439302,5.032854665378298,1.2289636918677034,4.628233537086087,0.9030164228933428
sonicom_pilot_q26_tikh1e4,0.0001,P0001,val,interpolation_only_767,3.3737476618688067,5.0673973609236365,1.2451284383820995,4.653196387014092,0.9078300766275639
sonicom_pilot_q26_tikh1e4,0.0001,P0002,train,all_793,3.333546847656379,5.04164515215831,1.2501580060701074,4.5944549769561895,0.8897419520553106
sonicom_pilot_q26_tikh1e4,0.0001,P0002,train,interpolation_only_767,3.362357860468951,5.0710841870867736,1.2665515292390668,4.617604711459833,0.8968867058359982
sonicom_pilot_q26_tikh1e4,0.0001,P0238,train,all_793,2.929446152659539,4.502040757314885,1.190799926134305,4.036682938343818,0.7215408666552041
sonicom_pilot_q26_tikh1e4,0.0001,P0238,train,interpolation_only_767,2.9647075490030628,4.542643598324292,1.2073296718383475,4.066838031652227,0.7278162784212157
sonicom_pilot_q26_tikh1e4,0.0001,P0242,val,all_793,3.2542767844287868,4.884403651704906,1.3218683902175599,4.94405359429169,1.1145672274587346
sonicom_pilot_q26_tikh1e4,0.0001,P0242,val,interpolation_only_767,3.282547501132492,4.913436145886083,1.3370585495349356,4.9526944828077735,1.1198912195115323
sonicom_pilot_q26_tikh1e4,0.0001,P0243,train,all_793,2.882542037994628,4.464621801076748,1.150216562511463,4.372850076869157,0.7401036357148472
sonicom_pilot_q26_tikh1e4,0.0001,P0243,train,interpolation_only_767,2.912844593099057,4.497036985964463,1.1645770160275528,4.391292655230634,0.7455333918612836
sonicom_pilot_q26_tikh1e4,0.0001,P0277,val,all_793,3.1751929071580043,4.811428260236168,1.2278912094408247,4.69860855789346,0.8979927096285725
sonicom_pilot_q26_tikh1e4,0.0001,P0277,val,interpolation_only_767,3.21192625567675,4.851123638097089,1.2448341521820612,4.731157425366621,0.9035072611483357
sonicom_pilot_q26_tikh1e2,0.01,P0001,val,all_793,3.333729237275064,5.028987535860035,1.2212964495877652,4.613921463136959,0.9255137398917276
sonicom_pilot_q26_tikh1e2,0.01,P0001,val,interpolation_only_767,3.3656634614317023,5.063017812960652,1.2370292437262147,4.63862908805503,0.9316343907715678
sonicom_pilot_q26_tikh1e2,0.01,P0002,train,all_793,3.3348138594411805,5.0422800128662795,1.248438833289096,4.603874942443202,0.914437142140239
sonicom_pilot_q26_tikh1e2,0.01,P0002,train,interpolation_only_767,3.3629733709532252,5.072040829690327,1.264518661139746,4.625581861098445,0.9224487302089607
sonicom_pilot_q26_tikh1e2,0.01,P0238,train,all_793,2.924199445788177,4.508524216861345,1.184109393434104,4.0711932149473995,0.7449122576689462
sonicom_pilot_q26_tikh1e2,0.01,P0238,train,interpolation_only_767,2.958778196636819,4.547764673225063,1.2001692683470855,4.1004246258139165,0.7520289634647626
sonicom_pilot_q26_tikh1e2,0.01,P0242,val,all_793,3.236466272428171,4.868087206893965,1.3077702564821094,4.936522121588073,1.1026872322797254
sonicom_pilot_q26_tikh1e2,0.01,P0242,val,interpolation_only_767,3.264127716187356,4.896782867099707,1.322486923473928,4.944889338127565,1.1087833086802057
sonicom_pilot_q26_tikh1e2,0.01,P0243,train,all_793,2.8746500859716697,4.473278937978383,1.1414507647182797,4.398290746691609,0.753754001243976
sonicom_pilot_q26_tikh1e2,0.01,P0243,train,interpolation_only_767,2.904031864401524,4.504654498776502,1.1553418790828958,4.415603572079743,0.759359026667429
sonicom_pilot_q26_tikh1e2,0.01,P0277,val,all_793,3.1616573127637357,4.799327097765192,1.2166447882133604,4.702062739929097,0.9139352062255751
sonicom_pilot_q26_tikh1e2,0.01,P0277,val,interpolation_only_767,3.19836269202212,4.839400359157611,1.2332180915351438,4.735253965080763,0.9200928742980918
sonicom_pilot_q26_tikh3e2,0.03,P0001,val,all_793,3.3375165706835874,5.037965144967555,1.2305373524808036,4.60823734383543,0.9957343866403525
sonicom_pilot_q26_tikh3e2,0.03,P0001,val,interpolation_only_767,3.368078738775318,5.069985955106698,1.2452669922625468,4.630973985765267,1.0043314620730512
sonicom_pilot_q26_tikh3e2,0.03,P0002,train,all_793,3.3602215096452324,5.066925638969134,1.2718784071391973,4.648440319115769,0.9789463945659062
sonicom_pilot_q26_tikh3e2,0.03,P0002,train,interpolation_only_767,3.386180947343319,5.094828950224695,1.2868292739699805,4.66663686712823,0.9884892724426413
sonicom_pilot_q26_tikh3e2,0.03,P0238,train,all_793,2.9364902389773784,4.536532076012035,1.1946147599896433,4.155947084136026,0.8331021975806462
sonicom_pilot_q26_tikh3e2,0.03,P0238,train,interpolation_only_767,2.969644277309249,4.574200952939843,1.209675416391656,4.183813311330198,0.842546455883313
sonicom_pilot_q26_tikh3e2,0.03,P0242,val,all_793,3.227511805430636,4.865401040555409,1.303263825256658,4.94841115446293,1.1231181106236745
sonicom_pilot_q26_tikh3e2,0.03,P0242,val,interpolation_only_767,3.2534121834209295,4.892417442289326,1.3170529501034243,4.9552211070647605,1.1309519079132455
sonicom_pilot_q26_tikh3e2,0.03,P0243,train,all_793,2.8903302722502078,4.513408431119805,1.1532279407308328,4.458615469840458,0.8251108881373395
sonicom_pilot_q26_tikh3e2,0.03,P0243,train,interpolation_only_767,2.917827404294078,4.54301622846553,1.1658251821322492,4.473539174237837,0.8316960359725658
sonicom_pilot_q26_tikh3e2,0.03,P0277,val,all_793,3.159707905077796,4.811852851530675,1.2187666670058177,4.740015019129328,0.9641688718411324
sonicom_pilot_q26_tikh3e2,0.03,P0277,val,interpolation_only_767,3.1956007454824,4.8505530500834215,1.2344772881206887,4.772190678309154,0.9717583576397076
sonicom_pilot_q26_tikh1e1,0.1,P0001,val,all_793,3.4489162551524863,5.16419307352239,1.3827514054138736,4.769903020051288,1.4020016287609622
sonicom_pilot_q26_tikh1e1,0.1,P0001,val,interpolation_only_767,3.4738088647613075,5.1906636074661465,1.3938387188795196,4.784426977108832,1.4118632354670546
sonicom_pilot_q26_tikh1e1,0.1,P0002,train,all_793,3.5465256801368867,5.281830511807867,1.4622008508026125,4.9811090957502175,1.331836276434019
sonicom_pilot_q26_tikh1e1,0.1,P0002,train,interpolation_only_767,3.56726221201677,5.304721312133716,1.4738566593026212,4.991697871628496,1.341849873747201
sonicom_pilot_q26_tikh1e1,0.1,P0238,train,all_793,3.102038343381895,4.762857818805029,1.3595086079109873,4.53765141214391,1.237131304253945
sonicom_pilot_q26_tikh1e1,0.1,P0238,train,interpolation_only_767,3.1316500123167033,4.799806822757289,1.3708840631083135,4.56364153038523,1.2484683296922865
sonicom_pilot_q26_tikh1e1,0.1,P0242,val,all_793,3.3308994780734,5.025777111119481,1.4270521272927539,5.140316443846945,1.3744060816795844
sonicom_pilot_q26_tikh1e1,0.1,P0242,val,interpolation_only_767,3.350984559376659,5.04771761348296,1.43670394902726,5.145427236288688,1.3795875860544413
sonicom_pilot_q26_tikh1e1,0.1,P0243,train,all_793,3.079339755841966,4.769720945541458,1.3283817884557139,4.781019896606027,1.22106415840157
sonicom_pilot_q26_tikh1e1,0.1,P0243,train,interpolation_only_767,3.1014948682548265,4.795054264343648,1.3372634250313205,4.790871532992497,1.2286382813069463
sonicom_pilot_q26_tikh1e1,0.1,P0277,val,all_793,3.2877548898173776,5.008007940655607,1.371599780098078,5.062277711632192,1.2227414059587622
sonicom_pilot_q26_tikh1e1,0.1,P0277,val,interpolation_only_767,3.3178767234623416,5.042783356157359,1.3831197438004557,5.090957463230755,1.2290222594483806
sonicom_pilot_q26_tikh3e1,0.3,P0001,val,all_793,4.087125683001508,5.907111016147312,2.0623387923189034,6.026631811823718,2.5589762440815536
sonicom_pilot_q26_tikh3e1,0.3,P0001,val,interpolation_only_767,4.102598760288112,5.923934315452811,2.0687284944813826,6.0265311452927754,2.5675738065449085
sonicom_pilot_q26_tikh3e1,0.3,P0002,train,all_793,4.261084958573338,6.137630555942217,2.1873298474188525,6.4353408149527915,2.2947912317843504
sonicom_pilot_q26_tikh3e1,0.3,P0002,train,interpolation_only_767,4.27895491482089,6.159720754166788,2.1948853381006295,6.440284904623919,2.2995673797060685
sonicom_pilot_q26_tikh3e1,0.3,P0238,train,all_793,3.9216831237745717,5.736224549062674,2.126198795473573,6.134465002438285,2.3073353143909534
sonicom_pilot_q26_tikh3e1,0.3,P0238,train,interpolation_only_767,3.943339146318752,5.767428561479442,2.132139156933907,6.1470179983571605,2.3177466865637726
sonicom_pilot_q26_tikh3e1,0.3,P0242,val,all_793,3.9680867668121804,5.838094453993736,2.1212869683548083,6.218488662330897,2.3468645055238575
sonicom_pilot_q26_tikh3e1,0.3,P0242,val,interpolation_only_767,3.9759728180164036,5.846380313131291,2.1246557105928314,6.209116553113949,2.3495444181508134
sonicom_pilot_q26_tikh3e1,0.3,P0243,train,all_793,3.903099017219086,5.765643906996854,2.104382072995901,6.189282853122141,2.3619174978070507
sonicom_pilot_q26_tikh3e1,0.3,P0243,train,interpolation_only_767,3.917897268902123,5.7835807512561175,2.1087311838603817,6.188466122570226,2.367776920055209
sonicom_pilot_q26_tikh3e1,0.3,P0277,val,all_793,4.123189247640401,5.991764780005359,2.200908010024694,6.774652036132105,2.1456805571052744
sonicom_pilot_q26_tikh3e1,0.3,P0277,val,interpolation_only_767,4.138414275612815,6.013286093282358,2.204587462735402,6.788066934320823,2.150282219461991
sonicom_pilot_q26_tikh1,1.0,P0001,val,all_793,6.318249830999804,8.555396993701235,4.18357207213913,10.74631941958626,5.014900666165314
sonicom_pilot_q26_tikh1,1.0,P0001,val,interpolation_only_767,6.327248908717616,8.566623505285657,4.186697427564301,10.735254605165533,5.028744535111565
sonicom_pilot_q26_tikh1,1.0,P0002,train,all_793,6.771365498751148,9.076227505208259,4.440545633774047,11.599481084091778,4.37905219738971
sonicom_pilot_q26_tikh1,1.0,P0002,train,interpolation_only_767,6.785110728896943,9.094326006144069,4.4453031433322465,11.594605394243267,4.385966846103434
sonicom_pilot_q26_tikh1,1.0,P0238,train,all_793,7.002849779240297,9.207767864410389,4.772945121361003,11.946036793401138,4.611723504769211
sonicom_pilot_q26_tikh1,1.0,P0238,train,interpolation_only_767,7.017045565311875,9.230881879382121,4.777329483091322,11.93923925108392,4.624682541283277
sonicom_pilot_q26_tikh1,1.0,P0242,val,all_793,6.6653255781231495,8.991009001347786,4.595009022557029,11.172295563907415,4.82547869154816
sonicom_pilot_q26_tikh1,1.0,P0242,val,interpolation_only_767,6.667054124439538,8.990009485660334,4.597923425174052,11.138358598214676,4.830955462136162
sonicom_pilot_q26_tikh1,1.0,P0243,train,all_793,6.826887941305613,9.138619818197334,4.654348150083929,11.656517984834178,4.878385375716691
sonicom_pilot_q26_tikh1,1.0,P0243,train,interpolation_only_767,6.835236301326102,9.147863079869206,4.656031870170918,11.634860821901874,4.885913858688626
sonicom_pilot_q26_tikh1,1.0,P0277,val,all_793,7.64672091932759,9.967767070627302,5.088045815201199,13.200153051671732,4.457926767545153
sonicom_pilot_q26_tikh1,1.0,P0277,val,interpolation_only_767,7.64627091388424,9.974687393900751,5.087149615493338,13.196133814966785,4.466349564516794
