SubjectLabel,SubjectID,Seed,Variant,Metric,Value
P0001,1,20260821,FiLM-SIREN E130,FullSphereERB,0.910292996889885
P0001,1,20260821,FiLM-SIREN E130,Contralateral25ERB,1.38357011161728
P0001,1,20260821,FSC E190,FullSphereERB,0.87520054298233
P0001,1,20260821,FSC E190,Contralateral25ERB,1.36503031402502
P0001,1,20260822,FiLM-SIREN E130,FullSphereERB,0.904854867299611
P0001,1,20260822,FiLM-SIREN E130,Contralateral25ERB,1.38912777981506
P0001,1,20260822,FSC E190,FullSphereERB,0.876368299281812
P0001,1,20260822,FSC E190,Contralateral25ERB,1.36846977663326
P0001,1,20260823,FiLM-SIREN E130,FullSphereERB,0.902579543768032
P0001,1,20260823,FiLM-SIREN E130,Contralateral25ERB,1.35331681401452
P0001,1,20260823,FSC E190,FullSphereERB,0.878978727866482
P0001,1,20260823,FSC E190,Contralateral25ERB,1.34197818907183
P0012,12,20260821,FiLM-SIREN E130,FullSphereERB,0.828328872882501
P0012,12,20260821,FiLM-SIREN E130,Contralateral25ERB,1.10226302527609
P0012,12,20260821,FSC E190,FullSphereERB,0.8036542416842
P0012,12,20260821,FSC E190,Contralateral25ERB,1.07578771176012
P0012,12,20260822,FiLM-SIREN E130,FullSphereERB,0.822154065123883
P0012,12,20260822,FiLM-SIREN E130,Contralateral25ERB,1.11773831522109
P0012,12,20260822,FSC E190,FullSphereERB,0.795426997440269
P0012,12,20260822,FSC E190,Contralateral25ERB,1.0833360897223
P0012,12,20260823,FiLM-SIREN E130,FullSphereERB,0.813566418083265
P0012,12,20260823,FiLM-SIREN E130,Contralateral25ERB,1.08016824850794
P0012,12,20260823,FSC E190,FullSphereERB,0.801532060400798
P0012,12,20260823,FSC E190,Contralateral25ERB,1.05244639731127
P0013,13,20260821,FiLM-SIREN E130,FullSphereERB,0.797740929481807
P0013,13,20260821,FiLM-SIREN E130,Contralateral25ERB,1.13633687912099
P0013,13,20260821,FSC E190,FullSphereERB,0.769214819280549
P0013,13,20260821,FSC E190,Contralateral25ERB,1.12878695234696
P0013,13,20260822,FiLM-SIREN E130,FullSphereERB,0.790022817082049
P0013,13,20260822,FiLM-SIREN E130,Contralateral25ERB,1.12220921948893
P0013,13,20260822,FSC E190,FullSphereERB,0.761095582664834
P0013,13,20260822,FSC E190,Contralateral25ERB,1.10748551518196
P0013,13,20260823,FiLM-SIREN E130,FullSphereERB,0.78402977849982
P0013,13,20260823,FiLM-SIREN E130,Contralateral25ERB,1.13143988280466
P0013,13,20260823,FSC E190,FullSphereERB,0.764821669677315
P0013,13,20260823,FSC E190,Contralateral25ERB,1.13313605065978
P0022,22,20260821,FiLM-SIREN E130,FullSphereERB,0.720351065210226
P0022,22,20260821,FiLM-SIREN E130,Contralateral25ERB,1.08990646653067
P0022,22,20260821,FSC E190,FullSphereERB,0.701132448498163
P0022,22,20260821,FSC E190,Contralateral25ERB,1.08644033515735
P0022,22,20260822,FiLM-SIREN E130,FullSphereERB,0.734020718191057
P0022,22,20260822,FiLM-SIREN E130,Contralateral25ERB,1.11515842359159
P0022,22,20260822,FSC E190,FullSphereERB,0.716811997202058
P0022,22,20260822,FSC E190,Contralateral25ERB,1.09065225466413
P0022,22,20260823,FiLM-SIREN E130,FullSphereERB,0.711266589284048
P0022,22,20260823,FiLM-SIREN E130,Contralateral25ERB,1.078897333104
P0022,22,20260823,FSC E190,FullSphereERB,0.696310092751051
P0022,22,20260823,FSC E190,Contralateral25ERB,1.06924846192747
P0026,26,20260821,FiLM-SIREN E130,FullSphereERB,0.819354486924661
P0026,26,20260821,FiLM-SIREN E130,Contralateral25ERB,1.32702782464969
P0026,26,20260821,FSC E190,FullSphereERB,0.788891704428421
P0026,26,20260821,FSC E190,Contralateral25ERB,1.30640083989593
P0026,26,20260822,FiLM-SIREN E130,FullSphereERB,0.834840437345268
P0026,26,20260822,FiLM-SIREN E130,Contralateral25ERB,1.46787291887546
P0026,26,20260822,FSC E190,FullSphereERB,0.801177450331117
P0026,26,20260822,FSC E190,Contralateral25ERB,1.43651304611702
P0026,26,20260823,FiLM-SIREN E130,FullSphereERB,0.821327099645338
P0026,26,20260823,FiLM-SIREN E130,Contralateral25ERB,1.35076969591217
P0026,26,20260823,FSC E190,FullSphereERB,0.789807768239597
P0026,26,20260823,FSC E190,Contralateral25ERB,1.33832328179504
P0046,46,20260821,FiLM-SIREN E130,FullSphereERB,0.715749934563526
P0046,46,20260821,FiLM-SIREN E130,Contralateral25ERB,1.13144977899727
P0046,46,20260821,FSC E190,FullSphereERB,0.698213598632549
P0046,46,20260821,FSC E190,Contralateral25ERB,1.10717440312284
P0046,46,20260822,FiLM-SIREN E130,FullSphereERB,0.707198046603385
P0046,46,20260822,FiLM-SIREN E130,Contralateral25ERB,1.11499631824982
P0046,46,20260822,FSC E190,FullSphereERB,0.692587356843349
P0046,46,20260822,FSC E190,Contralateral25ERB,1.08193080840904
P0046,46,20260823,FiLM-SIREN E130,FullSphereERB,0.709199640280652
P0046,46,20260823,FiLM-SIREN E130,Contralateral25ERB,1.15150413193849
P0046,46,20260823,FSC E190,FullSphereERB,0.69167225955501
P0046,46,20260823,FSC E190,Contralateral25ERB,1.14274080176306
P0066,66,20260821,FiLM-SIREN E130,FullSphereERB,0.978303765851754
P0066,66,20260821,FiLM-SIREN E130,Contralateral25ERB,1.48163576480904
P0066,66,20260821,FSC E190,FullSphereERB,0.935435842619039
P0066,66,20260821,FSC E190,Contralateral25ERB,1.43924023178064
P0066,66,20260822,FiLM-SIREN E130,FullSphereERB,0.986109311420071
P0066,66,20260822,FiLM-SIREN E130,Contralateral25ERB,1.57313520585436
P0066,66,20260822,FSC E190,FullSphereERB,0.937700709402502
P0066,66,20260822,FSC E190,Contralateral25ERB,1.5073801551922
P0066,66,20260823,FiLM-SIREN E130,FullSphereERB,0.943603797466832
P0066,66,20260823,FiLM-SIREN E130,Contralateral25ERB,1.50239692890537
P0066,66,20260823,FSC E190,FullSphereERB,0.905777267181658
P0066,66,20260823,FSC E190,Contralateral25ERB,1.47420435776934
P0073,73,20260821,FiLM-SIREN E130,FullSphereERB,0.73467973213582
P0073,73,20260821,FiLM-SIREN E130,Contralateral25ERB,1.02168385879704
P0073,73,20260821,FSC E190,FullSphereERB,0.72045590122069
P0073,73,20260821,FSC E190,Contralateral25ERB,1.00991395458131
P0073,73,20260822,FiLM-SIREN E130,FullSphereERB,0.732349410290419
P0073,73,20260822,FiLM-SIREN E130,Contralateral25ERB,1.02167530374093
P0073,73,20260822,FSC E190,FullSphereERB,0.717729569063382
P0073,73,20260822,FSC E190,Contralateral25ERB,1.00735356680163
P0073,73,20260823,FiLM-SIREN E130,FullSphereERB,0.717494058691518
P0073,73,20260823,FiLM-SIREN E130,Contralateral25ERB,1.01548452618885
P0073,73,20260823,FSC E190,FullSphereERB,0.706267679502001
P0073,73,20260823,FSC E190,Contralateral25ERB,0.998298898028896
P0113,113,20260821,FiLM-SIREN E130,FullSphereERB,0.843265640797841
P0113,113,20260821,FiLM-SIREN E130,Contralateral25ERB,1.12149295716314
P0113,113,20260821,FSC E190,FullSphereERB,0.823169810825722
P0113,113,20260821,FSC E190,Contralateral25ERB,1.099345237781
P0113,113,20260822,FiLM-SIREN E130,FullSphereERB,0.847038114638677
P0113,113,20260822,FiLM-SIREN E130,Contralateral25ERB,1.12382211342532
P0113,113,20260822,FSC E190,FullSphereERB,0.831863879205932
P0113,113,20260822,FSC E190,Contralateral25ERB,1.09233615288724
P0113,113,20260823,FiLM-SIREN E130,FullSphereERB,0.830303586792902
P0113,113,20260823,FiLM-SIREN E130,Contralateral25ERB,1.13736920540624
P0113,113,20260823,FSC E190,FullSphereERB,0.821730704127967
P0113,113,20260823,FSC E190,Contralateral25ERB,1.13260881614195
P0116,116,20260821,FiLM-SIREN E130,FullSphereERB,0.827863618102716
P0116,116,20260821,FiLM-SIREN E130,Contralateral25ERB,1.1626186423329
P0116,116,20260821,FSC E190,FullSphereERB,0.792446663369911
P0116,116,20260821,FSC E190,Contralateral25ERB,1.12429986486135
P0116,116,20260822,FiLM-SIREN E130,FullSphereERB,0.821766370201073
P0116,116,20260822,FiLM-SIREN E130,Contralateral25ERB,1.12912334884413
P0116,116,20260822,FSC E190,FullSphereERB,0.790455417049559
P0116,116,20260822,FSC E190,Contralateral25ERB,1.09793880351162
P0116,116,20260823,FiLM-SIREN E130,FullSphereERB,0.830334558927865
P0116,116,20260823,FiLM-SIREN E130,Contralateral25ERB,1.14733720378841
P0116,116,20260823,FSC E190,FullSphereERB,0.800328277323417
P0116,116,20260823,FSC E190,Contralateral25ERB,1.1252132457296
P0125,125,20260821,FiLM-SIREN E130,FullSphereERB,0.733164906672608
P0125,125,20260821,FiLM-SIREN E130,Contralateral25ERB,1.1518239873417
P0125,125,20260821,FSC E190,FullSphereERB,0.712521236020646
P0125,125,20260821,FSC E190,Contralateral25ERB,1.12695106476259
P0125,125,20260822,FiLM-SIREN E130,FullSphereERB,0.734358930694318
P0125,125,20260822,FiLM-SIREN E130,Contralateral25ERB,1.18810439594637
P0125,125,20260822,FSC E190,FullSphereERB,0.71904839073082
P0125,125,20260822,FSC E190,Contralateral25ERB,1.17378618903063
P0125,125,20260823,FiLM-SIREN E130,FullSphereERB,0.737348950730473
P0125,125,20260823,FiLM-SIREN E130,Contralateral25ERB,1.17837290022954
P0125,125,20260823,FSC E190,FullSphereERB,0.719526927055717
P0125,125,20260823,FSC E190,Contralateral25ERB,1.15112817922795
P0149,149,20260821,FiLM-SIREN E130,FullSphereERB,0.939557226034552
P0149,149,20260821,FiLM-SIREN E130,Contralateral25ERB,1.51309732242529
P0149,149,20260821,FSC E190,FullSphereERB,0.902896828967891
P0149,149,20260821,FSC E190,Contralateral25ERB,1.49412817838338
P0149,149,20260822,FiLM-SIREN E130,FullSphereERB,0.875243352357111
P0149,149,20260822,FiLM-SIREN E130,Contralateral25ERB,1.43501057125374
P0149,149,20260822,FSC E190,FullSphereERB,0.850293797946018
P0149,149,20260822,FSC E190,Contralateral25ERB,1.42958641200723
P0149,149,20260823,FiLM-SIREN E130,FullSphereERB,0.895661657807583
P0149,149,20260823,FiLM-SIREN E130,Contralateral25ERB,1.47607140255949
P0149,149,20260823,FSC E190,FullSphereERB,0.865358963565841
P0149,149,20260823,FSC E190,Contralateral25ERB,1.45952086198543
P0161,161,20260821,FiLM-SIREN E130,FullSphereERB,0.823880281744916
P0161,161,20260821,FiLM-SIREN E130,Contralateral25ERB,1.25951888571607
P0161,161,20260821,FSC E190,FullSphereERB,0.781161809881432
P0161,161,20260821,FSC E190,Contralateral25ERB,1.22627739894973
P0161,161,20260822,FiLM-SIREN E130,FullSphereERB,0.814900792389292
P0161,161,20260822,FiLM-SIREN E130,Contralateral25ERB,1.23642316720737
P0161,161,20260822,FSC E190,FullSphereERB,0.776005617939959
P0161,161,20260822,FSC E190,Contralateral25ERB,1.20358086658605
P0161,161,20260823,FiLM-SIREN E130,FullSphereERB,0.814387656500413
P0161,161,20260823,FiLM-SIREN E130,Contralateral25ERB,1.24308470520225
P0161,161,20260823,FSC E190,FullSphereERB,0.775210991624269
P0161,161,20260823,FSC E190,Contralateral25ERB,1.20587856759429
P0166,166,20260821,FiLM-SIREN E130,FullSphereERB,0.846769035468105
P0166,166,20260821,FiLM-SIREN E130,Contralateral25ERB,1.21071591761101
P0166,166,20260821,FSC E190,FullSphereERB,0.806679677535522
P0166,166,20260821,FSC E190,Contralateral25ERB,1.18749103211192
P0166,166,20260822,FiLM-SIREN E130,FullSphereERB,0.846263120026091
P0166,166,20260822,FiLM-SIREN E130,Contralateral25ERB,1.21043030662106
P0166,166,20260822,FSC E190,FullSphereERB,0.805718121443048
P0166,166,20260822,FSC E190,Contralateral25ERB,1.17629458841119
P0166,166,20260823,FiLM-SIREN E130,FullSphereERB,0.844372454710993
P0166,166,20260823,FiLM-SIREN E130,Contralateral25ERB,1.23475157642878
P0166,166,20260823,FSC E190,FullSphereERB,0.811312173804168
P0166,166,20260823,FSC E190,Contralateral25ERB,1.22097546551225
P0167,167,20260821,FiLM-SIREN E130,FullSphereERB,0.797015755241344
P0167,167,20260821,FiLM-SIREN E130,Contralateral25ERB,1.17237987025755
P0167,167,20260821,FSC E190,FullSphereERB,0.768227481847103
P0167,167,20260821,FSC E190,Contralateral25ERB,1.16519990594771
P0167,167,20260822,FiLM-SIREN E130,FullSphereERB,0.812125207826934
P0167,167,20260822,FiLM-SIREN E130,Contralateral25ERB,1.25624287308077
P0167,167,20260822,FSC E190,FullSphereERB,0.780664490203472
P0167,167,20260822,FSC E190,Contralateral25ERB,1.23414663307709
P0167,167,20260823,FiLM-SIREN E130,FullSphereERB,0.794227758845367
P0167,167,20260823,FiLM-SIREN E130,Contralateral25ERB,1.201362276151
P0167,167,20260823,FSC E190,FullSphereERB,0.767539748135402
P0167,167,20260823,FSC E190,Contralateral25ERB,1.19681364108768
P0170,170,20260821,FiLM-SIREN E130,FullSphereERB,0.836109176659409
P0170,170,20260821,FiLM-SIREN E130,Contralateral25ERB,1.28410438140239
P0170,170,20260821,FSC E190,FullSphereERB,0.807409928551156
P0170,170,20260821,FSC E190,Contralateral25ERB,1.26832841619162
P0170,170,20260822,FiLM-SIREN E130,FullSphereERB,0.822905154024638
P0170,170,20260822,FiLM-SIREN E130,Contralateral25ERB,1.28236312265761
P0170,170,20260822,FSC E190,FullSphereERB,0.791820922970331
P0170,170,20260822,FSC E190,Contralateral25ERB,1.25615737865955
P0170,170,20260823,FiLM-SIREN E130,FullSphereERB,0.816192907456814
P0170,170,20260823,FiLM-SIREN E130,Contralateral25ERB,1.25614358410808
P0170,170,20260823,FSC E190,FullSphereERB,0.792259885493643
P0170,170,20260823,FSC E190,Contralateral25ERB,1.23671971792704
P0171,171,20260821,FiLM-SIREN E130,FullSphereERB,0.772826215121562
P0171,171,20260821,FiLM-SIREN E130,Contralateral25ERB,1.18499148498167
P0171,171,20260821,FSC E190,FullSphereERB,0.752806235631145
P0171,171,20260821,FSC E190,Contralateral25ERB,1.17940047432664
P0171,171,20260822,FiLM-SIREN E130,FullSphereERB,0.771936842500134
P0171,171,20260822,FiLM-SIREN E130,Contralateral25ERB,1.15870014061864
P0171,171,20260822,FSC E190,FullSphereERB,0.75163208338422
P0171,171,20260822,FSC E190,Contralateral25ERB,1.15475351358621
P0171,171,20260823,FiLM-SIREN E130,FullSphereERB,0.769049386181472
P0171,171,20260823,FiLM-SIREN E130,Contralateral25ERB,1.15983525273028
P0171,171,20260823,FSC E190,FullSphereERB,0.749132809962813
P0171,171,20260823,FSC E190,Contralateral25ERB,1.16560259546247
P0172,172,20260821,FiLM-SIREN E130,FullSphereERB,0.775635358821889
P0172,172,20260821,FiLM-SIREN E130,Contralateral25ERB,1.17349090703084
P0172,172,20260821,FSC E190,FullSphereERB,0.750398685609324
P0172,172,20260821,FSC E190,Contralateral25ERB,1.16494128797025
P0172,172,20260822,FiLM-SIREN E130,FullSphereERB,0.771421933965695
P0172,172,20260822,FiLM-SIREN E130,Contralateral25ERB,1.14730977876999
P0172,172,20260822,FSC E190,FullSphereERB,0.742484786375039
P0172,172,20260822,FSC E190,Contralateral25ERB,1.13490962624291
P0172,172,20260823,FiLM-SIREN E130,FullSphereERB,0.761685280594002
P0172,172,20260823,FiLM-SIREN E130,Contralateral25ERB,1.13072408682509
P0172,172,20260823,FSC E190,FullSphereERB,0.740942533975807
P0172,172,20260823,FSC E190,Contralateral25ERB,1.12701563569766
P0174,174,20260821,FiLM-SIREN E130,FullSphereERB,0.806198447708884
P0174,174,20260821,FiLM-SIREN E130,Contralateral25ERB,1.20776150571539
P0174,174,20260821,FSC E190,FullSphereERB,0.773375295620147
P0174,174,20260821,FSC E190,Contralateral25ERB,1.19465155455582
P0174,174,20260822,FiLM-SIREN E130,FullSphereERB,0.803437951021028
P0174,174,20260822,FiLM-SIREN E130,Contralateral25ERB,1.21205181466049
P0174,174,20260822,FSC E190,FullSphereERB,0.770165046178486
P0174,174,20260822,FSC E190,Contralateral25ERB,1.19702028210001
P0174,174,20260823,FiLM-SIREN E130,FullSphereERB,0.806024510942549
P0174,174,20260823,FiLM-SIREN E130,Contralateral25ERB,1.17874080946995
P0174,174,20260823,FSC E190,FullSphereERB,0.778842705493127
P0174,174,20260823,FSC E190,Contralateral25ERB,1.17986114415924
P0193,193,20260821,FiLM-SIREN E130,FullSphereERB,0.782526859280143
P0193,193,20260821,FiLM-SIREN E130,Contralateral25ERB,1.10493307118191
P0193,193,20260821,FSC E190,FullSphereERB,0.765771828900307
P0193,193,20260821,FSC E190,Contralateral25ERB,1.10441402075028
P0193,193,20260822,FiLM-SIREN E130,FullSphereERB,0.783528218297393
P0193,193,20260822,FiLM-SIREN E130,Contralateral25ERB,1.12644257069281
P0193,193,20260822,FSC E190,FullSphereERB,0.762092344804163
P0193,193,20260822,FSC E190,Contralateral25ERB,1.11509390559635
P0193,193,20260823,FiLM-SIREN E130,FullSphereERB,0.779178514657189
P0193,193,20260823,FiLM-SIREN E130,Contralateral25ERB,1.12463498833405
P0193,193,20260823,FSC E190,FullSphereERB,0.767121830734327
P0193,193,20260823,FSC E190,Contralateral25ERB,1.12743601495276
P0194,194,20260821,FiLM-SIREN E130,FullSphereERB,0.828580050110121
P0194,194,20260821,FiLM-SIREN E130,Contralateral25ERB,1.27553364378536
P0194,194,20260821,FSC E190,FullSphereERB,0.797981230190614
P0194,194,20260821,FSC E190,Contralateral25ERB,1.25359871792734
P0194,194,20260822,FiLM-SIREN E130,FullSphereERB,0.835115076353837
P0194,194,20260822,FiLM-SIREN E130,Contralateral25ERB,1.287372277253
P0194,194,20260822,FSC E190,FullSphereERB,0.804368531893282
P0194,194,20260822,FSC E190,Contralateral25ERB,1.25875384903885
P0194,194,20260823,FiLM-SIREN E130,FullSphereERB,0.819027193955104
P0194,194,20260823,FiLM-SIREN E130,Contralateral25ERB,1.26105353837403
P0194,194,20260823,FSC E190,FullSphereERB,0.788762032496539
P0194,194,20260823,FSC E190,Contralateral25ERB,1.23560269818638
P0198,198,20260821,FiLM-SIREN E130,FullSphereERB,0.820166509286147
P0198,198,20260821,FiLM-SIREN E130,Contralateral25ERB,1.16769627658281
P0198,198,20260821,FSC E190,FullSphereERB,0.791190353399533
P0198,198,20260821,FSC E190,Contralateral25ERB,1.16413045529891
P0198,198,20260822,FiLM-SIREN E130,FullSphereERB,0.830814850874183
P0198,198,20260822,FiLM-SIREN E130,Contralateral25ERB,1.19430752424372
P0198,198,20260822,FSC E190,FullSphereERB,0.802511530721309
P0198,198,20260822,FSC E190,Contralateral25ERB,1.18485159553504
P0198,198,20260823,FiLM-SIREN E130,FullSphereERB,0.832777845960503
P0198,198,20260823,FiLM-SIREN E130,Contralateral25ERB,1.14232127205023
P0198,198,20260823,FSC E190,FullSphereERB,0.802630917335625
P0198,198,20260823,FSC E190,Contralateral25ERB,1.1248674706032
P0202,202,20260821,FiLM-SIREN E130,FullSphereERB,0.859845987372105
P0202,202,20260821,FiLM-SIREN E130,Contralateral25ERB,1.23648597942866
P0202,202,20260821,FSC E190,FullSphereERB,0.833477171346471
P0202,202,20260821,FSC E190,Contralateral25ERB,1.24052223585076
P0202,202,20260822,FiLM-SIREN E130,FullSphereERB,0.856377724960183
P0202,202,20260822,FiLM-SIREN E130,Contralateral25ERB,1.23403031676855
P0202,202,20260822,FSC E190,FullSphereERB,0.825883392932296
P0202,202,20260822,FSC E190,Contralateral25ERB,1.21462918455678
P0202,202,20260823,FiLM-SIREN E130,FullSphereERB,0.850806015019564
P0202,202,20260823,FiLM-SIREN E130,Contralateral25ERB,1.2610947847881
P0202,202,20260823,FSC E190,FullSphereERB,0.827955728846632
P0202,202,20260823,FSC E190,Contralateral25ERB,1.25571033527718
P0203,203,20260821,FiLM-SIREN E130,FullSphereERB,0.707887689005295
P0203,203,20260821,FiLM-SIREN E130,Contralateral25ERB,1.03644408693041
P0203,203,20260821,FSC E190,FullSphereERB,0.682549788693456
P0203,203,20260821,FSC E190,Contralateral25ERB,1.02116641089075
P0203,203,20260822,FiLM-SIREN E130,FullSphereERB,0.721795828915018
P0203,203,20260822,FiLM-SIREN E130,Contralateral25ERB,1.05302738955773
P0203,203,20260822,FSC E190,FullSphereERB,0.695850030810736
P0203,203,20260822,FSC E190,Contralateral25ERB,1.04481006381171
P0203,203,20260823,FiLM-SIREN E130,FullSphereERB,0.707806565529331
P0203,203,20260823,FiLM-SIREN E130,Contralateral25ERB,1.04025167630979
P0203,203,20260823,FSC E190,FullSphereERB,0.688071823040943
P0203,203,20260823,FSC E190,Contralateral25ERB,1.02595723785528
P0207,207,20260821,FiLM-SIREN E130,FullSphereERB,0.875877557682469
P0207,207,20260821,FiLM-SIREN E130,Contralateral25ERB,1.23999800451591
P0207,207,20260821,FSC E190,FullSphereERB,0.84703578569599
P0207,207,20260821,FSC E190,Contralateral25ERB,1.21663701675375
P0207,207,20260822,FiLM-SIREN E130,FullSphereERB,0.863419427104885
P0207,207,20260822,FiLM-SIREN E130,Contralateral25ERB,1.20968959953536
P0207,207,20260822,FSC E190,FullSphereERB,0.826893382031145
P0207,207,20260822,FSC E190,Contralateral25ERB,1.1885879580633
P0207,207,20260823,FiLM-SIREN E130,FullSphereERB,0.897243545233224
P0207,207,20260823,FiLM-SIREN E130,Contralateral25ERB,1.25707937613739
P0207,207,20260823,FSC E190,FullSphereERB,0.873333545528337
P0207,207,20260823,FSC E190,Contralateral25ERB,1.22890348748174
P0208,208,20260821,FiLM-SIREN E130,FullSphereERB,0.844722119485445
P0208,208,20260821,FiLM-SIREN E130,Contralateral25ERB,1.10045532742039
P0208,208,20260821,FSC E190,FullSphereERB,0.811263155429818
P0208,208,20260821,FSC E190,Contralateral25ERB,1.08288090130459
P0208,208,20260822,FiLM-SIREN E130,FullSphereERB,0.827555479720442
P0208,208,20260822,FiLM-SIREN E130,Contralateral25ERB,1.16192203397504
P0208,208,20260822,FSC E190,FullSphereERB,0.802723458669676
P0208,208,20260822,FSC E190,Contralateral25ERB,1.1697014462774
P0208,208,20260823,FiLM-SIREN E130,FullSphereERB,0.855712588392305
P0208,208,20260823,FiLM-SIREN E130,Contralateral25ERB,1.15198648547425
P0208,208,20260823,FSC E190,FullSphereERB,0.822091663788975
P0208,208,20260823,FSC E190,Contralateral25ERB,1.1290179572667
P0221,221,20260821,FiLM-SIREN E130,FullSphereERB,0.913337375014589
P0221,221,20260821,FiLM-SIREN E130,Contralateral25ERB,1.40952830544776
P0221,221,20260821,FSC E190,FullSphereERB,0.883888140075869
P0221,221,20260821,FSC E190,Contralateral25ERB,1.39619834194203
P0221,221,20260822,FiLM-SIREN E130,FullSphereERB,0.896759288385039
P0221,221,20260822,FiLM-SIREN E130,Contralateral25ERB,1.3993534124443
P0221,221,20260822,FSC E190,FullSphereERB,0.861929956492255
P0221,221,20260822,FSC E190,Contralateral25ERB,1.37497272740007
P0221,221,20260823,FiLM-SIREN E130,FullSphereERB,0.906037747315698
P0221,221,20260823,FiLM-SIREN E130,Contralateral25ERB,1.38723593512461
P0221,221,20260823,FSC E190,FullSphereERB,0.879054387701999
P0221,221,20260823,FSC E190,Contralateral25ERB,1.37036397421837
P0230,230,20260821,FiLM-SIREN E130,FullSphereERB,0.772996502031603
P0230,230,20260821,FiLM-SIREN E130,Contralateral25ERB,1.12413965859931
P0230,230,20260821,FSC E190,FullSphereERB,0.750386980664617
P0230,230,20260821,FSC E190,Contralateral25ERB,1.09618375650608
P0230,230,20260822,FiLM-SIREN E130,FullSphereERB,0.74788087778034
P0230,230,20260822,FiLM-SIREN E130,Contralateral25ERB,1.11489775496864
P0230,230,20260822,FSC E190,FullSphereERB,0.720797595639522
P0230,230,20260822,FSC E190,Contralateral25ERB,1.09594166931213
P0230,230,20260823,FiLM-SIREN E130,FullSphereERB,0.757549871113508
P0230,230,20260823,FiLM-SIREN E130,Contralateral25ERB,1.11358682108782
P0230,230,20260823,FSC E190,FullSphereERB,0.740461247936153
P0230,230,20260823,FSC E190,Contralateral25ERB,1.09756520237281
P0242,242,20260821,FiLM-SIREN E130,FullSphereERB,0.938136669322308
P0242,242,20260821,FiLM-SIREN E130,Contralateral25ERB,1.5043287694267
P0242,242,20260821,FSC E190,FullSphereERB,0.922179234545825
P0242,242,20260821,FSC E190,Contralateral25ERB,1.48261316046477
P0242,242,20260822,FiLM-SIREN E130,FullSphereERB,0.925630819328823
P0242,242,20260822,FiLM-SIREN E130,Contralateral25ERB,1.50619696651366
P0242,242,20260822,FSC E190,FullSphereERB,0.906795198112389
P0242,242,20260822,FSC E190,Contralateral25ERB,1.46512694935012
P0242,242,20260823,FiLM-SIREN E130,FullSphereERB,0.91244346473284
P0242,242,20260823,FiLM-SIREN E130,Contralateral25ERB,1.42898689963434
P0242,242,20260823,FSC E190,FullSphereERB,0.893418434254632
P0242,242,20260823,FSC E190,Contralateral25ERB,1.40243714075276
P0256,256,20260821,FiLM-SIREN E130,FullSphereERB,0.83935456367531
P0256,256,20260821,FiLM-SIREN E130,Contralateral25ERB,1.28632782349827
P0256,256,20260821,FSC E190,FullSphereERB,0.821785519659866
P0256,256,20260821,FSC E190,Contralateral25ERB,1.2678976708609
P0256,256,20260822,FiLM-SIREN E130,FullSphereERB,0.825742219165917
P0256,256,20260822,FiLM-SIREN E130,Contralateral25ERB,1.25342498590507
P0256,256,20260822,FSC E190,FullSphereERB,0.810062634597744
P0256,256,20260822,FSC E190,Contralateral25ERB,1.23095207237592
P0256,256,20260823,FiLM-SIREN E130,FullSphereERB,0.839932365135047
P0256,256,20260823,FiLM-SIREN E130,Contralateral25ERB,1.27315307532848
P0256,256,20260823,FSC E190,FullSphereERB,0.823417096874667
P0256,256,20260823,FSC E190,Contralateral25ERB,1.2635879325934
P0257,257,20260821,FiLM-SIREN E130,FullSphereERB,0.859754564709867
P0257,257,20260821,FiLM-SIREN E130,Contralateral25ERB,1.20895608594964
P0257,257,20260821,FSC E190,FullSphereERB,0.854323778379697
P0257,257,20260821,FSC E190,Contralateral25ERB,1.18802550056462
P0257,257,20260822,FiLM-SIREN E130,FullSphereERB,0.86715879228502
P0257,257,20260822,FiLM-SIREN E130,Contralateral25ERB,1.24736570233874
P0257,257,20260822,FSC E190,FullSphereERB,0.859847149048814
P0257,257,20260822,FSC E190,Contralateral25ERB,1.21073205742133
P0257,257,20260823,FiLM-SIREN E130,FullSphereERB,0.849822946786667
P0257,257,20260823,FiLM-SIREN E130,Contralateral25ERB,1.17637760222147
P0257,257,20260823,FSC E190,FullSphereERB,0.842362505379637
P0257,257,20260823,FSC E190,Contralateral25ERB,1.15251388114649
P0274,274,20260821,FiLM-SIREN E130,FullSphereERB,0.73567939281481
P0274,274,20260821,FiLM-SIREN E130,Contralateral25ERB,1.17073201112072
P0274,274,20260821,FSC E190,FullSphereERB,0.719350809216997
P0274,274,20260821,FSC E190,Contralateral25ERB,1.16540468985924
P0274,274,20260822,FiLM-SIREN E130,FullSphereERB,0.748079526370566
P0274,274,20260822,FiLM-SIREN E130,Contralateral25ERB,1.15170575509908
P0274,274,20260822,FSC E190,FullSphereERB,0.72953642781228
P0274,274,20260822,FSC E190,Contralateral25ERB,1.13554154263065
P0274,274,20260823,FiLM-SIREN E130,FullSphereERB,0.73374456642772
P0274,274,20260823,FiLM-SIREN E130,Contralateral25ERB,1.20723632260481
P0274,274,20260823,FSC E190,FullSphereERB,0.725376558951685
P0274,274,20260823,FSC E190,Contralateral25ERB,1.20148072430263
P0277,277,20260821,FiLM-SIREN E130,FullSphereERB,0.875174038960485
P0277,277,20260821,FiLM-SIREN E130,Contralateral25ERB,1.30353969525665
P0277,277,20260821,FSC E190,FullSphereERB,0.848061582797484
P0277,277,20260821,FSC E190,Contralateral25ERB,1.29630196365335
P0277,277,20260822,FiLM-SIREN E130,FullSphereERB,0.848549779999326
P0277,277,20260822,FiLM-SIREN E130,Contralateral25ERB,1.29490810373159
P0277,277,20260822,FSC E190,FullSphereERB,0.819314406136818
P0277,277,20260822,FSC E190,Contralateral25ERB,1.29151551250576
P0277,277,20260823,FiLM-SIREN E130,FullSphereERB,0.851654219305033
P0277,277,20260823,FiLM-SIREN E130,Contralateral25ERB,1.27900026699314
P0277,277,20260823,FSC E190,FullSphereERB,0.823204335969199
P0277,277,20260823,FSC E190,Contralateral25ERB,1.27637279286342
P0278,278,20260821,FiLM-SIREN E130,FullSphereERB,0.893015710354902
P0278,278,20260821,FiLM-SIREN E130,Contralateral25ERB,1.42713556907527
P0278,278,20260821,FSC E190,FullSphereERB,0.864992108094467
P0278,278,20260821,FSC E190,Contralateral25ERB,1.42143451403933
P0278,278,20260822,FiLM-SIREN E130,FullSphereERB,0.866147188113886
P0278,278,20260822,FiLM-SIREN E130,Contralateral25ERB,1.41907688758918
P0278,278,20260822,FSC E190,FullSphereERB,0.851681949038295
P0278,278,20260822,FSC E190,Contralateral25ERB,1.4169772189808
P0278,278,20260823,FiLM-SIREN E130,FullSphereERB,0.901492946663357
P0278,278,20260823,FiLM-SIREN E130,Contralateral25ERB,1.46153366304847
P0278,278,20260823,FSC E190,FullSphereERB,0.884605127782579
P0278,278,20260823,FSC E190,Contralateral25ERB,1.45417883589548
P0294,294,20260821,FiLM-SIREN E130,FullSphereERB,0.975460297722602
P0294,294,20260821,FiLM-SIREN E130,Contralateral25ERB,1.50903460015399
P0294,294,20260821,FSC E190,FullSphereERB,0.945883184180422
P0294,294,20260821,FSC E190,Contralateral25ERB,1.47618347474299
P0294,294,20260822,FiLM-SIREN E130,FullSphereERB,0.94308156728602
P0294,294,20260822,FiLM-SIREN E130,Contralateral25ERB,1.4193388621783
P0294,294,20260822,FSC E190,FullSphereERB,0.915968028269723
P0294,294,20260822,FSC E190,Contralateral25ERB,1.40026321456606
P0294,294,20260823,FiLM-SIREN E130,FullSphereERB,0.958457169655247
P0294,294,20260823,FiLM-SIREN E130,Contralateral25ERB,1.49544303885296
P0294,294,20260823,FSC E190,FullSphereERB,0.931850634543912
P0294,294,20260823,FSC E190,Contralateral25ERB,1.44778350046663
P0295,295,20260821,FiLM-SIREN E130,FullSphereERB,0.739270524227437
P0295,295,20260821,FiLM-SIREN E130,Contralateral25ERB,1.19722239965993
P0295,295,20260821,FSC E190,FullSphereERB,0.725486636662756
P0295,295,20260821,FSC E190,Contralateral25ERB,1.18640310663072
P0295,295,20260822,FiLM-SIREN E130,FullSphereERB,0.729151380139129
P0295,295,20260822,FiLM-SIREN E130,Contralateral25ERB,1.16452138624151
P0295,295,20260822,FSC E190,FullSphereERB,0.717589805555042
P0295,295,20260822,FSC E190,Contralateral25ERB,1.16106053641802
P0295,295,20260823,FiLM-SIREN E130,FullSphereERB,0.740791841361971
P0295,295,20260823,FiLM-SIREN E130,Contralateral25ERB,1.17096632193066
P0295,295,20260823,FSC E190,FullSphereERB,0.729382022171298
P0295,295,20260823,FSC E190,Contralateral25ERB,1.16490747859362
P0307,307,20260821,FiLM-SIREN E130,FullSphereERB,0.901449688832157
P0307,307,20260821,FiLM-SIREN E130,Contralateral25ERB,1.21424378894219
P0307,307,20260821,FSC E190,FullSphereERB,0.878126102099225
P0307,307,20260821,FSC E190,Contralateral25ERB,1.18709205126529
P0307,307,20260822,FiLM-SIREN E130,FullSphereERB,0.926292849556479
P0307,307,20260822,FiLM-SIREN E130,Contralateral25ERB,1.23436412603186
P0307,307,20260822,FSC E190,FullSphereERB,0.904767381340264
P0307,307,20260822,FSC E190,Contralateral25ERB,1.20261407709725
P0307,307,20260823,FiLM-SIREN E130,FullSphereERB,0.930718607250479
P0307,307,20260823,FiLM-SIREN E130,Contralateral25ERB,1.27485008934684
P0307,307,20260823,FSC E190,FullSphereERB,0.917035335653878
P0307,307,20260823,FSC E190,Contralateral25ERB,1.25047632254588
P0313,313,20260821,FiLM-SIREN E130,FullSphereERB,0.996819547840169
P0313,313,20260821,FiLM-SIREN E130,Contralateral25ERB,1.36438528615575
P0313,313,20260821,FSC E190,FullSphereERB,0.989628506267027
P0313,313,20260821,FSC E190,Contralateral25ERB,1.36085968806139
P0313,313,20260822,FiLM-SIREN E130,FullSphereERB,1.00459853558654
P0313,313,20260822,FiLM-SIREN E130,Contralateral25ERB,1.4870766857593
P0313,313,20260822,FSC E190,FullSphereERB,1.00067633071351
P0313,313,20260822,FSC E190,Contralateral25ERB,1.4727147426024
P0313,313,20260823,FiLM-SIREN E130,FullSphereERB,1.03200416196307
P0313,313,20260823,FiLM-SIREN E130,Contralateral25ERB,1.49125920170571
P0313,313,20260823,FSC E190,FullSphereERB,1.02589161240204
P0313,313,20260823,FSC E190,Contralateral25ERB,1.48984994845391
P0335,335,20260821,FiLM-SIREN E130,FullSphereERB,1.79150472352823
P0335,335,20260821,FiLM-SIREN E130,Contralateral25ERB,2.1789573043832
P0335,335,20260821,FSC E190,FullSphereERB,1.78087165092777
P0335,335,20260821,FSC E190,Contralateral25ERB,2.1749481956534
P0335,335,20260822,FiLM-SIREN E130,FullSphereERB,1.77007742169696
P0335,335,20260822,FiLM-SIREN E130,Contralateral25ERB,2.12968876856654
P0335,335,20260822,FSC E190,FullSphereERB,1.75857047315037
P0335,335,20260822,FSC E190,Contralateral25ERB,2.12404020290784
P0335,335,20260823,FiLM-SIREN E130,FullSphereERB,1.75934329487233
P0335,335,20260823,FiLM-SIREN E130,Contralateral25ERB,2.14179467184588
P0335,335,20260823,FSC E190,FullSphereERB,1.75328373823906
P0335,335,20260823,FSC E190,Contralateral25ERB,2.16392670645195
P0338,338,20260821,FiLM-SIREN E130,FullSphereERB,0.985210275183026
P0338,338,20260821,FiLM-SIREN E130,Contralateral25ERB,1.41248225961113
P0338,338,20260821,FSC E190,FullSphereERB,0.957501844088672
P0338,338,20260821,FSC E190,Contralateral25ERB,1.40437230819812
P0338,338,20260822,FiLM-SIREN E130,FullSphereERB,0.987506167386238
P0338,338,20260822,FiLM-SIREN E130,Contralateral25ERB,1.40071563317546
P0338,338,20260822,FSC E190,FullSphereERB,0.960585190982801
P0338,338,20260822,FSC E190,Contralateral25ERB,1.388224761435
P0338,338,20260823,FiLM-SIREN E130,FullSphereERB,0.989166577308345
P0338,338,20260823,FiLM-SIREN E130,Contralateral25ERB,1.37981389781415
P0338,338,20260823,FSC E190,FullSphereERB,0.965554280229359
P0338,338,20260823,FSC E190,Contralateral25ERB,1.36816092133067
P0341,341,20260821,FiLM-SIREN E130,FullSphereERB,0.840453447542374
P0341,341,20260821,FiLM-SIREN E130,Contralateral25ERB,1.14765411779074
P0341,341,20260821,FSC E190,FullSphereERB,0.822394708596194
P0341,341,20260821,FSC E190,Contralateral25ERB,1.11027743027218
P0341,341,20260822,FiLM-SIREN E130,FullSphereERB,0.833784618408457
P0341,341,20260822,FiLM-SIREN E130,Contralateral25ERB,1.14680739624157
P0341,341,20260822,FSC E190,FullSphereERB,0.814214919117374
P0341,341,20260822,FSC E190,Contralateral25ERB,1.09504019401999
P0341,341,20260823,FiLM-SIREN E130,FullSphereERB,0.830350352350142
P0341,341,20260823,FiLM-SIREN E130,Contralateral25ERB,1.14256267383343
P0341,341,20260823,FSC E190,FullSphereERB,0.811106410202014
P0341,341,20260823,FSC E190,Contralateral25ERB,1.11066161413591
P0354,354,20260821,FiLM-SIREN E130,FullSphereERB,0.849250511532076
P0354,354,20260821,FiLM-SIREN E130,Contralateral25ERB,1.29297272743983
P0354,354,20260821,FSC E190,FullSphereERB,0.81809946830724
P0354,354,20260821,FSC E190,Contralateral25ERB,1.27564199559091
P0354,354,20260822,FiLM-SIREN E130,FullSphereERB,0.830638803862953
P0354,354,20260822,FiLM-SIREN E130,Contralateral25ERB,1.27928880028998
P0354,354,20260822,FSC E190,FullSphereERB,0.802688471809123
P0354,354,20260822,FSC E190,Contralateral25ERB,1.25738529063001
P0354,354,20260823,FiLM-SIREN E130,FullSphereERB,0.841991718026216
P0354,354,20260823,FiLM-SIREN E130,Contralateral25ERB,1.26444381927702
P0354,354,20260823,FSC E190,FullSphereERB,0.819189733950896
P0354,354,20260823,FSC E190,Contralateral25ERB,1.24694208940716
P0360,360,20260821,FiLM-SIREN E130,FullSphereERB,0.722803301651304
P0360,360,20260821,FiLM-SIREN E130,Contralateral25ERB,1.12926529458179
P0360,360,20260821,FSC E190,FullSphereERB,0.704844337262898
P0360,360,20260821,FSC E190,Contralateral25ERB,1.11552272152131
P0360,360,20260822,FiLM-SIREN E130,FullSphereERB,0.715245188489422
P0360,360,20260822,FiLM-SIREN E130,Contralateral25ERB,1.08604527363836
P0360,360,20260822,FSC E190,FullSphereERB,0.701387842036237
P0360,360,20260822,FSC E190,Contralateral25ERB,1.07660593873096
P0360,360,20260823,FiLM-SIREN E130,FullSphereERB,0.718779534420586
P0360,360,20260823,FiLM-SIREN E130,Contralateral25ERB,1.07584953151564
P0360,360,20260823,FSC E190,FullSphereERB,0.705313435222936
P0360,360,20260823,FSC E190,Contralateral25ERB,1.06557171469478
P0369,369,20260821,FiLM-SIREN E130,FullSphereERB,0.779495260319476
P0369,369,20260821,FiLM-SIREN E130,Contralateral25ERB,1.28105172323855
P0369,369,20260821,FSC E190,FullSphereERB,0.756162548838163
P0369,369,20260821,FSC E190,Contralateral25ERB,1.26616984506305
P0369,369,20260822,FiLM-SIREN E130,FullSphereERB,0.784430225561146
P0369,369,20260822,FiLM-SIREN E130,Contralateral25ERB,1.20548622191883
P0369,369,20260822,FSC E190,FullSphereERB,0.763358666414075
P0369,369,20260822,FSC E190,Contralateral25ERB,1.18262541611972
P0369,369,20260823,FiLM-SIREN E130,FullSphereERB,0.747063356667887
P0369,369,20260823,FiLM-SIREN E130,Contralateral25ERB,1.16437687446885
P0369,369,20260823,FSC E190,FullSphereERB,0.722617602257322
P0369,369,20260823,FSC E190,Contralateral25ERB,1.1427200294732
