SubjectLabel,SubjectID,DirectionCount,Metric,MetricLabel,Value_dB
P0001,1,14,FullSphereERB,Full-sphere ERB,1.0790175324775
P0001,1,14,Contralateral25ERB,Contralateral 25-deg ERB,1.88025799694772
P0001,1,14,ContralateralHighFrequency,Contralateral HF,4.05319817134223
P0001,1,14,HorizontalILDMAE,Horizontal ILD MAE,0.605888599515314
P0001,1,26,FullSphereERB,Full-sphere ERB,0.818517713372098
P0001,1,26,Contralateral25ERB,Contralateral 25-deg ERB,1.27515720309578
P0001,1,26,ContralateralHighFrequency,Contralateral HF,3.58638634013028
P0001,1,26,HorizontalILDMAE,Horizontal ILD MAE,0.830727584942268
P0001,1,50,FullSphereERB,Full-sphere ERB,0.837462644724034
P0001,1,50,Contralateral25ERB,Contralateral 25-deg ERB,1.40997388025485
P0001,1,50,ContralateralHighFrequency,Contralateral HF,3.63757802744269
P0001,1,50,HorizontalILDMAE,Horizontal ILD MAE,0.796517200395062
P0012,12,14,FullSphereERB,Full-sphere ERB,1.08327808973835
P0012,12,14,Contralateral25ERB,Contralateral 25-deg ERB,1.79402082083555
P0012,12,14,ContralateralHighFrequency,Contralateral HF,4.00997372162173
P0012,12,14,HorizontalILDMAE,Horizontal ILD MAE,0.710154187747315
P0012,12,26,FullSphereERB,Full-sphere ERB,0.757023922915482
P0012,12,26,Contralateral25ERB,Contralateral 25-deg ERB,1.05670699847842
P0012,12,26,ContralateralHighFrequency,Contralateral HF,3.59559290383775
P0012,12,26,HorizontalILDMAE,Horizontal ILD MAE,0.661263041391643
P0012,12,50,FullSphereERB,Full-sphere ERB,0.753081881635705
P0012,12,50,Contralateral25ERB,Contralateral 25-deg ERB,1.10969876141249
P0012,12,50,ContralateralHighFrequency,Contralateral HF,3.56853749209801
P0012,12,50,HorizontalILDMAE,Horizontal ILD MAE,0.514235552455812
P0013,13,14,FullSphereERB,Full-sphere ERB,1.08363372980604
P0013,13,14,Contralateral25ERB,Contralateral 25-deg ERB,1.73618602946572
P0013,13,14,ContralateralHighFrequency,Contralateral HF,4.01066827721718
P0013,13,14,HorizontalILDMAE,Horizontal ILD MAE,0.795094446786299
P0013,13,26,FullSphereERB,Full-sphere ERB,0.750375495341328
P0013,13,26,Contralateral25ERB,Contralateral 25-deg ERB,1.09846228093102
P0013,13,26,ContralateralHighFrequency,Contralateral HF,3.40252355609442
P0013,13,26,HorizontalILDMAE,Horizontal ILD MAE,0.558496777492853
P0013,13,50,FullSphereERB,Full-sphere ERB,0.780925162739725
P0013,13,50,Contralateral25ERB,Contralateral 25-deg ERB,1.16730074385603
P0013,13,50,ContralateralHighFrequency,Contralateral HF,3.47795878549717
P0013,13,50,HorizontalILDMAE,Horizontal ILD MAE,0.587972933437158
P0022,22,14,FullSphereERB,Full-sphere ERB,1.04574638651631
P0022,22,14,Contralateral25ERB,Contralateral 25-deg ERB,1.56284697022908
P0022,22,14,ContralateralHighFrequency,Contralateral HF,3.63724646658801
P0022,22,14,HorizontalILDMAE,Horizontal ILD MAE,0.678033886701435
P0022,22,26,FullSphereERB,Full-sphere ERB,0.689322869420879
P0022,22,26,Contralateral25ERB,Contralateral 25-deg ERB,1.07106570099967
P0022,22,26,ContralateralHighFrequency,Contralateral HF,3.20557521679106
P0022,22,26,HorizontalILDMAE,Horizontal ILD MAE,0.329768403298408
P0022,22,50,FullSphereERB,Full-sphere ERB,0.72500292039447
P0022,22,50,Contralateral25ERB,Contralateral 25-deg ERB,1.13793340588558
P0022,22,50,ContralateralHighFrequency,Contralateral HF,3.14188773900275
P0022,22,50,HorizontalILDMAE,Horizontal ILD MAE,0.484348470543775
P0026,26,14,FullSphereERB,Full-sphere ERB,1.12182521178239
P0026,26,14,Contralateral25ERB,Contralateral 25-deg ERB,1.79883741509891
P0026,26,14,ContralateralHighFrequency,Contralateral HF,4.84220452882426
P0026,26,14,HorizontalILDMAE,Horizontal ILD MAE,0.795262600294833
P0026,26,26,FullSphereERB,Full-sphere ERB,0.753068946086627
P0026,26,26,Contralateral25ERB,Contralateral 25-deg ERB,1.3409049182593
P0026,26,26,ContralateralHighFrequency,Contralateral HF,3.87780937660743
P0026,26,26,HorizontalILDMAE,Horizontal ILD MAE,0.727263412803811
P0026,26,50,FullSphereERB,Full-sphere ERB,0.770273285178271
P0026,26,50,Contralateral25ERB,Contralateral 25-deg ERB,1.43516729942809
P0026,26,50,ContralateralHighFrequency,Contralateral HF,3.92772018268886
P0026,26,50,HorizontalILDMAE,Horizontal ILD MAE,1.06158474475264
P0046,46,14,FullSphereERB,Full-sphere ERB,1.01742820771473
P0046,46,14,Contralateral25ERB,Contralateral 25-deg ERB,1.61827665631449
P0046,46,14,ContralateralHighFrequency,Contralateral HF,3.91080290437721
P0046,46,14,HorizontalILDMAE,Horizontal ILD MAE,0.869455587649597
P0046,46,26,FullSphereERB,Full-sphere ERB,0.68402549032642
P0046,46,26,Contralateral25ERB,Contralateral 25-deg ERB,1.17270835640016
P0046,46,26,ContralateralHighFrequency,Contralateral HF,3.14830065792676
P0046,46,26,HorizontalILDMAE,Horizontal ILD MAE,0.488542555458482
P0046,46,50,FullSphereERB,Full-sphere ERB,0.729796816233821
P0046,46,50,Contralateral25ERB,Contralateral 25-deg ERB,1.30231576505905
P0046,46,50,ContralateralHighFrequency,Contralateral HF,3.11239519518531
P0046,46,50,HorizontalILDMAE,Horizontal ILD MAE,0.505035157964412
P0066,66,14,FullSphereERB,Full-sphere ERB,1.14108096029514
P0066,66,14,Contralateral25ERB,Contralateral 25-deg ERB,2.21806229543039
P0066,66,14,ContralateralHighFrequency,Contralateral HF,4.07765833906846
P0066,66,14,HorizontalILDMAE,Horizontal ILD MAE,0.999793121258664
P0066,66,26,FullSphereERB,Full-sphere ERB,0.822271258694145
P0066,66,26,Contralateral25ERB,Contralateral 25-deg ERB,1.42595221674884
P0066,66,26,ContralateralHighFrequency,Contralateral HF,3.47587303983195
P0066,66,26,HorizontalILDMAE,Horizontal ILD MAE,0.716875838257469
P0066,66,50,FullSphereERB,Full-sphere ERB,0.843183861937893
P0066,66,50,Contralateral25ERB,Contralateral 25-deg ERB,1.54989593461467
P0066,66,50,ContralateralHighFrequency,Contralateral HF,3.55380246389577
P0066,66,50,HorizontalILDMAE,Horizontal ILD MAE,0.591662466139267
P0073,73,14,FullSphereERB,Full-sphere ERB,1.03697253650527
P0073,73,14,Contralateral25ERB,Contralateral 25-deg ERB,1.58179865639008
P0073,73,14,ContralateralHighFrequency,Contralateral HF,3.84846270491699
P0073,73,14,HorizontalILDMAE,Horizontal ILD MAE,0.709350448737377
P0073,73,26,FullSphereERB,Full-sphere ERB,0.691268731921799
P0073,73,26,Contralateral25ERB,Contralateral 25-deg ERB,0.998796900850308
P0073,73,26,ContralateralHighFrequency,Contralateral HF,3.11743822183456
P0073,73,26,HorizontalILDMAE,Horizontal ILD MAE,0.361483155662385
P0073,73,50,FullSphereERB,Full-sphere ERB,0.722837281141735
P0073,73,50,Contralateral25ERB,Contralateral 25-deg ERB,1.10669785643144
P0073,73,50,ContralateralHighFrequency,Contralateral HF,3.2060548500338
P0073,73,50,HorizontalILDMAE,Horizontal ILD MAE,0.4867904745756
P0113,113,14,FullSphereERB,Full-sphere ERB,1.0994510245991
P0113,113,14,Contralateral25ERB,Contralateral 25-deg ERB,1.63359683999325
P0113,113,14,ContralateralHighFrequency,Contralateral HF,3.83075615151806
P0113,113,14,HorizontalILDMAE,Horizontal ILD MAE,1.16495314196553
P0113,113,26,FullSphereERB,Full-sphere ERB,0.803300436116035
P0113,113,26,Contralateral25ERB,Contralateral 25-deg ERB,1.11399426270771
P0113,113,26,ContralateralHighFrequency,Contralateral HF,3.60538675681107
P0113,113,26,HorizontalILDMAE,Horizontal ILD MAE,0.425354803553284
P0113,113,50,FullSphereERB,Full-sphere ERB,0.811803484811985
P0113,113,50,Contralateral25ERB,Contralateral 25-deg ERB,1.21030494557577
P0113,113,50,ContralateralHighFrequency,Contralateral HF,3.56796666925181
P0113,113,50,HorizontalILDMAE,Horizontal ILD MAE,0.570669788721442
P0116,116,14,FullSphereERB,Full-sphere ERB,1.09794380342456
P0116,116,14,Contralateral25ERB,Contralateral 25-deg ERB,1.68748737456685
P0116,116,14,ContralateralHighFrequency,Contralateral HF,3.52157187596284
P0116,116,14,HorizontalILDMAE,Horizontal ILD MAE,0.996528708449454
P0116,116,26,FullSphereERB,Full-sphere ERB,0.792016034506685
P0116,116,26,Contralateral25ERB,Contralateral 25-deg ERB,1.14982719234694
P0116,116,26,ContralateralHighFrequency,Contralateral HF,3.39668186867829
P0116,116,26,HorizontalILDMAE,Horizontal ILD MAE,0.526639700064371
P0116,116,50,FullSphereERB,Full-sphere ERB,0.834368110103908
P0116,116,50,Contralateral25ERB,Contralateral 25-deg ERB,1.23498755138972
P0116,116,50,ContralateralHighFrequency,Contralateral HF,3.49828329431796
P0116,116,50,HorizontalILDMAE,Horizontal ILD MAE,0.54000470387088
P0125,125,14,FullSphereERB,Full-sphere ERB,0.990742787824248
P0125,125,14,Contralateral25ERB,Contralateral 25-deg ERB,1.56592970434492
P0125,125,14,ContralateralHighFrequency,Contralateral HF,3.63669822123441
P0125,125,14,HorizontalILDMAE,Horizontal ILD MAE,0.605823636845151
P0125,125,26,FullSphereERB,Full-sphere ERB,0.71351116245859
P0125,125,26,Contralateral25ERB,Contralateral 25-deg ERB,1.14184089923263
P0125,125,26,ContralateralHighFrequency,Contralateral HF,3.22158905710013
P0125,125,26,HorizontalILDMAE,Horizontal ILD MAE,0.35708146202494
P0125,125,50,FullSphereERB,Full-sphere ERB,0.747463460829862
P0125,125,50,Contralateral25ERB,Contralateral 25-deg ERB,1.29402287227999
P0125,125,50,ContralateralHighFrequency,Contralateral HF,3.30196648794326
P0125,125,50,HorizontalILDMAE,Horizontal ILD MAE,0.639062587689275
P0149,149,14,FullSphereERB,Full-sphere ERB,1.22854213800691
P0149,149,14,Contralateral25ERB,Contralateral 25-deg ERB,1.97024434287015
P0149,149,14,ContralateralHighFrequency,Contralateral HF,4.40204859410177
P0149,149,14,HorizontalILDMAE,Horizontal ILD MAE,0.443260016204238
P0149,149,26,FullSphereERB,Full-sphere ERB,0.804010377529779
P0149,149,26,Contralateral25ERB,Contralateral 25-deg ERB,1.37687306890886
P0149,149,26,ContralateralHighFrequency,Contralateral HF,3.48265349028801
P0149,149,26,HorizontalILDMAE,Horizontal ILD MAE,0.533623933119012
P0149,149,50,FullSphereERB,Full-sphere ERB,0.810186871020289
P0149,149,50,Contralateral25ERB,Contralateral 25-deg ERB,1.39935484998625
P0149,149,50,ContralateralHighFrequency,Contralateral HF,3.5009176846893
P0149,149,50,HorizontalILDMAE,Horizontal ILD MAE,0.504986205600761
P0161,161,14,FullSphereERB,Full-sphere ERB,0.980969426453052
P0161,161,14,Contralateral25ERB,Contralateral 25-deg ERB,1.69824955762228
P0161,161,14,ContralateralHighFrequency,Contralateral HF,3.39132521312741
P0161,161,14,HorizontalILDMAE,Horizontal ILD MAE,0.705764677993299
P0161,161,26,FullSphereERB,Full-sphere ERB,0.731401872022653
P0161,161,26,Contralateral25ERB,Contralateral 25-deg ERB,1.19239186288492
P0161,161,26,ContralateralHighFrequency,Contralateral HF,3.128066483179
P0161,161,26,HorizontalILDMAE,Horizontal ILD MAE,0.427015943549703
P0161,161,50,FullSphereERB,Full-sphere ERB,0.776428790817084
P0161,161,50,Contralateral25ERB,Contralateral 25-deg ERB,1.23879857258519
P0161,161,50,ContralateralHighFrequency,Contralateral HF,3.24559701852633
P0161,161,50,HorizontalILDMAE,Horizontal ILD MAE,0.546716277390602
P0166,166,14,FullSphereERB,Full-sphere ERB,1.12054376529584
P0166,166,14,Contralateral25ERB,Contralateral 25-deg ERB,1.71424344338039
P0166,166,14,ContralateralHighFrequency,Contralateral HF,4.52188912222317
P0166,166,14,HorizontalILDMAE,Horizontal ILD MAE,0.579114132790819
P0166,166,26,FullSphereERB,Full-sphere ERB,0.774851783691911
P0166,166,26,Contralateral25ERB,Contralateral 25-deg ERB,1.15927173619705
P0166,166,26,ContralateralHighFrequency,Contralateral HF,3.72671680668394
P0166,166,26,HorizontalILDMAE,Horizontal ILD MAE,0.435630346326131
P0166,166,50,FullSphereERB,Full-sphere ERB,0.789585212953213
P0166,166,50,Contralateral25ERB,Contralateral 25-deg ERB,1.17360553311893
P0166,166,50,ContralateralHighFrequency,Contralateral HF,3.72772200460499
P0166,166,50,HorizontalILDMAE,Horizontal ILD MAE,0.710930672759608
P0167,167,14,FullSphereERB,Full-sphere ERB,1.10146630074917
P0167,167,14,Contralateral25ERB,Contralateral 25-deg ERB,1.79209609060477
P0167,167,14,ContralateralHighFrequency,Contralateral HF,4.10269045703787
P0167,167,14,HorizontalILDMAE,Horizontal ILD MAE,1.14957662462853
P0167,167,26,FullSphereERB,Full-sphere ERB,0.761559110929343
P0167,167,26,Contralateral25ERB,Contralateral 25-deg ERB,1.18385683376237
P0167,167,26,ContralateralHighFrequency,Contralateral HF,3.72088269690873
P0167,167,26,HorizontalILDMAE,Horizontal ILD MAE,0.495692210568325
P0167,167,50,FullSphereERB,Full-sphere ERB,0.802622358726785
P0167,167,50,Contralateral25ERB,Contralateral 25-deg ERB,1.27129000616999
P0167,167,50,ContralateralHighFrequency,Contralateral HF,3.74946806008036
P0167,167,50,HorizontalILDMAE,Horizontal ILD MAE,0.390083224274576
P0170,170,14,FullSphereERB,Full-sphere ERB,1.13179464961463
P0170,170,14,Contralateral25ERB,Contralateral 25-deg ERB,1.95092510121675
P0170,170,14,ContralateralHighFrequency,Contralateral HF,4.21717272776209
P0170,170,14,HorizontalILDMAE,Horizontal ILD MAE,0.734600220665607
P0170,170,26,FullSphereERB,Full-sphere ERB,0.784460048396917
P0170,170,26,Contralateral25ERB,Contralateral 25-deg ERB,1.28246140566689
P0170,170,26,ContralateralHighFrequency,Contralateral HF,3.62906762889478
P0170,170,26,HorizontalILDMAE,Horizontal ILD MAE,0.582481946072
P0170,170,50,FullSphereERB,Full-sphere ERB,0.821045364917277
P0170,170,50,Contralateral25ERB,Contralateral 25-deg ERB,1.38028666027693
P0170,170,50,ContralateralHighFrequency,Contralateral HF,3.70417588795504
P0170,170,50,HorizontalILDMAE,Horizontal ILD MAE,0.547341074596055
P0171,171,14,FullSphereERB,Full-sphere ERB,1.04891334030419
P0171,171,14,Contralateral25ERB,Contralateral 25-deg ERB,1.80285185528713
P0171,171,14,ContralateralHighFrequency,Contralateral HF,3.81254863179816
P0171,171,14,HorizontalILDMAE,Horizontal ILD MAE,0.74887437139594
P0171,171,26,FullSphereERB,Full-sphere ERB,0.72198351528832
P0171,171,26,Contralateral25ERB,Contralateral 25-deg ERB,1.13582485855918
P0171,171,26,ContralateralHighFrequency,Contralateral HF,3.24520982593595
P0171,171,26,HorizontalILDMAE,Horizontal ILD MAE,0.352291153583478
P0171,171,50,FullSphereERB,Full-sphere ERB,0.757176496931115
P0171,171,50,Contralateral25ERB,Contralateral 25-deg ERB,1.1774831920279
P0171,171,50,ContralateralHighFrequency,Contralateral HF,3.34713180443762
P0171,171,50,HorizontalILDMAE,Horizontal ILD MAE,0.453297708389332
P0172,172,14,FullSphereERB,Full-sphere ERB,1.00994290249151
P0172,172,14,Contralateral25ERB,Contralateral 25-deg ERB,1.77320848685568
P0172,172,14,ContralateralHighFrequency,Contralateral HF,3.70865951838473
P0172,172,14,HorizontalILDMAE,Horizontal ILD MAE,0.738377728418434
P0172,172,26,FullSphereERB,Full-sphere ERB,0.732104089852114
P0172,172,26,Contralateral25ERB,Contralateral 25-deg ERB,1.12926314354687
P0172,172,26,ContralateralHighFrequency,Contralateral HF,3.3728731159269
P0172,172,26,HorizontalILDMAE,Horizontal ILD MAE,0.456461812214204
P0172,172,50,FullSphereERB,Full-sphere ERB,0.761427454520016
P0172,172,50,Contralateral25ERB,Contralateral 25-deg ERB,1.22598763878695
P0172,172,50,ContralateralHighFrequency,Contralateral HF,3.39179111468538
P0172,172,50,HorizontalILDMAE,Horizontal ILD MAE,0.558889652056223
P0174,174,14,FullSphereERB,Full-sphere ERB,0.973509391022136
P0174,174,14,Contralateral25ERB,Contralateral 25-deg ERB,1.50767846889655
P0174,174,14,ContralateralHighFrequency,Contralateral HF,3.84049583410315
P0174,174,14,HorizontalILDMAE,Horizontal ILD MAE,0.452720164438787
P0174,174,26,FullSphereERB,Full-sphere ERB,0.747377664348608
P0174,174,26,Contralateral25ERB,Contralateral 25-deg ERB,1.15835852761692
P0174,174,26,ContralateralHighFrequency,Contralateral HF,3.53422410168663
P0174,174,26,HorizontalILDMAE,Horizontal ILD MAE,0.586273364215389
P0174,174,50,FullSphereERB,Full-sphere ERB,0.762119026988838
P0174,174,50,Contralateral25ERB,Contralateral 25-deg ERB,1.18931209326969
P0174,174,50,ContralateralHighFrequency,Contralateral HF,3.55131385344164
P0174,174,50,HorizontalILDMAE,Horizontal ILD MAE,0.780529145470758
P0193,193,14,FullSphereERB,Full-sphere ERB,1.03231829615156
P0193,193,14,Contralateral25ERB,Contralateral 25-deg ERB,1.57098705097131
P0193,193,14,ContralateralHighFrequency,Contralateral HF,3.52443966720707
P0193,193,14,HorizontalILDMAE,Horizontal ILD MAE,0.984190334025461
P0193,193,26,FullSphereERB,Full-sphere ERB,0.75746914558764
P0193,193,26,Contralateral25ERB,Contralateral 25-deg ERB,1.10191184126048
P0193,193,26,ContralateralHighFrequency,Contralateral HF,3.17246167882251
P0193,193,26,HorizontalILDMAE,Horizontal ILD MAE,0.843712109529967
P0193,193,50,FullSphereERB,Full-sphere ERB,0.791250733910313
P0193,193,50,Contralateral25ERB,Contralateral 25-deg ERB,1.19422301730572
P0193,193,50,ContralateralHighFrequency,Contralateral HF,3.23700398075301
P0193,193,50,HorizontalILDMAE,Horizontal ILD MAE,0.849582763655214
P0194,194,14,FullSphereERB,Full-sphere ERB,0.978916852795696
P0194,194,14,Contralateral25ERB,Contralateral 25-deg ERB,1.75911919836703
P0194,194,14,ContralateralHighFrequency,Contralateral HF,3.76276012781837
P0194,194,14,HorizontalILDMAE,Horizontal ILD MAE,0.970682768463392
P0194,194,26,FullSphereERB,Full-sphere ERB,0.786641249889432
P0194,194,26,Contralateral25ERB,Contralateral 25-deg ERB,1.20313216522801
P0194,194,26,ContralateralHighFrequency,Contralateral HF,3.47407149110654
P0194,194,26,HorizontalILDMAE,Horizontal ILD MAE,0.958621746067041
P0194,194,50,FullSphereERB,Full-sphere ERB,0.815329180539106
P0194,194,50,Contralateral25ERB,Contralateral 25-deg ERB,1.3117041452587
P0194,194,50,ContralateralHighFrequency,Contralateral HF,3.41108604252616
P0194,194,50,HorizontalILDMAE,Horizontal ILD MAE,0.875365037587178
P0198,198,14,FullSphereERB,Full-sphere ERB,1.13248000000662
P0198,198,14,Contralateral25ERB,Contralateral 25-deg ERB,1.74497303904586
P0198,198,14,ContralateralHighFrequency,Contralateral HF,4.17946776335858
P0198,198,14,HorizontalILDMAE,Horizontal ILD MAE,0.602936371606975
P0198,198,26,FullSphereERB,Full-sphere ERB,0.772052905574035
P0198,198,26,Contralateral25ERB,Contralateral 25-deg ERB,1.17778433935161
P0198,198,26,ContralateralHighFrequency,Contralateral HF,3.24005798451504
P0198,198,26,HorizontalILDMAE,Horizontal ILD MAE,0.531864609664998
P0198,198,50,FullSphereERB,Full-sphere ERB,0.809326524073596
P0198,198,50,Contralateral25ERB,Contralateral 25-deg ERB,1.24533298556001
P0198,198,50,ContralateralHighFrequency,Contralateral HF,3.32702231293853
P0198,198,50,HorizontalILDMAE,Horizontal ILD MAE,0.634374091206348
P0202,202,14,FullSphereERB,Full-sphere ERB,1.0495147130173
P0202,202,14,Contralateral25ERB,Contralateral 25-deg ERB,1.6592269860209
P0202,202,14,ContralateralHighFrequency,Contralateral HF,3.48005216115877
P0202,202,14,HorizontalILDMAE,Horizontal ILD MAE,1.03863471958852
P0202,202,26,FullSphereERB,Full-sphere ERB,0.765843385132172
P0202,202,26,Contralateral25ERB,Contralateral 25-deg ERB,1.19454609576854
P0202,202,26,ContralateralHighFrequency,Contralateral HF,3.15529252339874
P0202,202,26,HorizontalILDMAE,Horizontal ILD MAE,0.512615247609023
P0202,202,50,FullSphereERB,Full-sphere ERB,0.798074076127618
P0202,202,50,Contralateral25ERB,Contralateral 25-deg ERB,1.26268348065429
P0202,202,50,ContralateralHighFrequency,Contralateral HF,3.15694208770942
P0202,202,50,HorizontalILDMAE,Horizontal ILD MAE,0.591428060894073
P0203,203,14,FullSphereERB,Full-sphere ERB,1.02991069516123
P0203,203,14,Contralateral25ERB,Contralateral 25-deg ERB,1.51845881255073
P0203,203,14,ContralateralHighFrequency,Contralateral HF,3.88227588186937
P0203,203,14,HorizontalILDMAE,Horizontal ILD MAE,0.508808077563345
P0203,203,26,FullSphereERB,Full-sphere ERB,0.678791298086009
P0203,203,26,Contralateral25ERB,Contralateral 25-deg ERB,1.00587640042493
P0203,203,26,ContralateralHighFrequency,Contralateral HF,3.26601876823233
P0203,203,26,HorizontalILDMAE,Horizontal ILD MAE,0.36017633248063
P0203,203,50,FullSphereERB,Full-sphere ERB,0.717105735916137
P0203,203,50,Contralateral25ERB,Contralateral 25-deg ERB,1.06206745113239
P0203,203,50,ContralateralHighFrequency,Contralateral HF,3.47530709290027
P0203,203,50,HorizontalILDMAE,Horizontal ILD MAE,0.59669162062822
P0207,207,14,FullSphereERB,Full-sphere ERB,1.0920036970339
P0207,207,14,Contralateral25ERB,Contralateral 25-deg ERB,1.56689984617877
P0207,207,14,ContralateralHighFrequency,Contralateral HF,3.76614240082928
P0207,207,14,HorizontalILDMAE,Horizontal ILD MAE,0.41045993529585
P0207,207,26,FullSphereERB,Full-sphere ERB,0.798567431835748
P0207,207,26,Contralateral25ERB,Contralateral 25-deg ERB,1.23140434409512
P0207,207,26,ContralateralHighFrequency,Contralateral HF,3.11565506966535
P0207,207,26,HorizontalILDMAE,Horizontal ILD MAE,0.386142229174838
P0207,207,50,FullSphereERB,Full-sphere ERB,0.824530951529982
P0207,207,50,Contralateral25ERB,Contralateral 25-deg ERB,1.2527664581522
P0207,207,50,ContralateralHighFrequency,Contralateral HF,3.20099444111571
P0207,207,50,HorizontalILDMAE,Horizontal ILD MAE,0.628783163544151
P0208,208,14,FullSphereERB,Full-sphere ERB,1.02842747774406
P0208,208,14,Contralateral25ERB,Contralateral 25-deg ERB,1.46973396252618
P0208,208,14,ContralateralHighFrequency,Contralateral HF,3.93919981696526
P0208,208,14,HorizontalILDMAE,Horizontal ILD MAE,0.454166341060399
P0208,208,26,FullSphereERB,Full-sphere ERB,0.770218909912625
P0208,208,26,Contralateral25ERB,Contralateral 25-deg ERB,1.09042560253874
P0208,208,26,ContralateralHighFrequency,Contralateral HF,3.49908051778488
P0208,208,26,HorizontalILDMAE,Horizontal ILD MAE,0.456231076707369
P0208,208,50,FullSphereERB,Full-sphere ERB,0.793404590210922
P0208,208,50,Contralateral25ERB,Contralateral 25-deg ERB,1.13116186384694
P0208,208,50,ContralateralHighFrequency,Contralateral HF,3.49364650036259
P0208,208,50,HorizontalILDMAE,Horizontal ILD MAE,0.644016018338155
P0221,221,14,FullSphereERB,Full-sphere ERB,1.08828527876977
P0221,221,14,Contralateral25ERB,Contralateral 25-deg ERB,1.77341126496059
P0221,221,14,ContralateralHighFrequency,Contralateral HF,4.1560724130004
P0221,221,14,HorizontalILDMAE,Horizontal ILD MAE,0.836517366132379
P0221,221,26,FullSphereERB,Full-sphere ERB,0.833364002352941
P0221,221,26,Contralateral25ERB,Contralateral 25-deg ERB,1.33104169286744
P0221,221,26,ContralateralHighFrequency,Contralateral HF,3.69367149090598
P0221,221,26,HorizontalILDMAE,Horizontal ILD MAE,0.66418975097221
P0221,221,50,FullSphereERB,Full-sphere ERB,0.879463584177917
P0221,221,50,Contralateral25ERB,Contralateral 25-deg ERB,1.46736110842429
P0221,221,50,ContralateralHighFrequency,Contralateral HF,3.75177521993543
P0221,221,50,HorizontalILDMAE,Horizontal ILD MAE,0.674881432291688
P0230,230,14,FullSphereERB,Full-sphere ERB,1.06368926649448
P0230,230,14,Contralateral25ERB,Contralateral 25-deg ERB,1.65381079466972
P0230,230,14,ContralateralHighFrequency,Contralateral HF,4.92501418187417
P0230,230,14,HorizontalILDMAE,Horizontal ILD MAE,0.478933303821943
P0230,230,26,FullSphereERB,Full-sphere ERB,0.718343359467613
P0230,230,26,Contralateral25ERB,Contralateral 25-deg ERB,1.11004919233405
P0230,230,26,ContralateralHighFrequency,Contralateral HF,3.79922857822734
P0230,230,26,HorizontalILDMAE,Horizontal ILD MAE,0.491181296270089
P0230,230,50,FullSphereERB,Full-sphere ERB,0.752591969277758
P0230,230,50,Contralateral25ERB,Contralateral 25-deg ERB,1.1995921320127
P0230,230,50,ContralateralHighFrequency,Contralateral HF,3.82613954275736
P0230,230,50,HorizontalILDMAE,Horizontal ILD MAE,0.522066128623639
P0242,242,14,FullSphereERB,Full-sphere ERB,1.13002545426693
P0242,242,14,Contralateral25ERB,Contralateral 25-deg ERB,1.83461203505538
P0242,242,14,ContralateralHighFrequency,Contralateral HF,4.2846945471658
P0242,242,14,HorizontalILDMAE,Horizontal ILD MAE,0.654405157843673
P0242,242,26,FullSphereERB,Full-sphere ERB,0.903018141011685
P0242,242,26,Contralateral25ERB,Contralateral 25-deg ERB,1.51388086727266
P0242,242,26,ContralateralHighFrequency,Contralateral HF,3.81453822481964
P0242,242,26,HorizontalILDMAE,Horizontal ILD MAE,0.811287052129087
P0242,242,50,FullSphereERB,Full-sphere ERB,0.881391420783604
P0242,242,50,Contralateral25ERB,Contralateral 25-deg ERB,1.47360808707329
P0242,242,50,ContralateralHighFrequency,Contralateral HF,3.80847854609372
P0242,242,50,HorizontalILDMAE,Horizontal ILD MAE,0.655613829201932
P0256,256,14,FullSphereERB,Full-sphere ERB,1.08653151984323
P0256,256,14,Contralateral25ERB,Contralateral 25-deg ERB,1.64424595466251
P0256,256,14,ContralateralHighFrequency,Contralateral HF,4.05837798032524
P0256,256,14,HorizontalILDMAE,Horizontal ILD MAE,0.811368296869394
P0256,256,26,FullSphereERB,Full-sphere ERB,0.790412832806394
P0256,256,26,Contralateral25ERB,Contralateral 25-deg ERB,1.21197995350521
P0256,256,26,ContralateralHighFrequency,Contralateral HF,3.68336088684943
P0256,256,26,HorizontalILDMAE,Horizontal ILD MAE,0.702093853508715
P0256,256,50,FullSphereERB,Full-sphere ERB,0.7991330431092
P0256,256,50,Contralateral25ERB,Contralateral 25-deg ERB,1.18523975330804
P0256,256,50,ContralateralHighFrequency,Contralateral HF,3.68049542470746
P0256,256,50,HorizontalILDMAE,Horizontal ILD MAE,0.609340031413243
P0257,257,14,FullSphereERB,Full-sphere ERB,1.1749845736642
P0257,257,14,Contralateral25ERB,Contralateral 25-deg ERB,1.63871415933564
P0257,257,14,ContralateralHighFrequency,Contralateral HF,4.41089978929676
P0257,257,14,HorizontalILDMAE,Horizontal ILD MAE,0.428011741706191
P0257,257,26,FullSphereERB,Full-sphere ERB,0.796297453130204
P0257,257,26,Contralateral25ERB,Contralateral 25-deg ERB,1.13129511063691
P0257,257,26,ContralateralHighFrequency,Contralateral HF,3.54507899978065
P0257,257,26,HorizontalILDMAE,Horizontal ILD MAE,0.831834884858453
P0257,257,50,FullSphereERB,Full-sphere ERB,0.78920696011451
P0257,257,50,Contralateral25ERB,Contralateral 25-deg ERB,1.13867711952909
P0257,257,50,ContralateralHighFrequency,Contralateral HF,3.5594157175822
P0257,257,50,HorizontalILDMAE,Horizontal ILD MAE,0.772252373620617
P0274,274,14,FullSphereERB,Full-sphere ERB,1.03334353996608
P0274,274,14,Contralateral25ERB,Contralateral 25-deg ERB,1.53754442954344
P0274,274,14,ContralateralHighFrequency,Contralateral HF,3.98855470010186
P0274,274,14,HorizontalILDMAE,Horizontal ILD MAE,0.644187031819055
P0274,274,26,FullSphereERB,Full-sphere ERB,0.696405826443122
P0274,274,26,Contralateral25ERB,Contralateral 25-deg ERB,1.13691155622717
P0274,274,26,ContralateralHighFrequency,Contralateral HF,3.3683213251001
P0274,274,26,HorizontalILDMAE,Horizontal ILD MAE,0.423874723822432
P0274,274,50,FullSphereERB,Full-sphere ERB,0.720203864410101
P0274,274,50,Contralateral25ERB,Contralateral 25-deg ERB,1.15267028547107
P0274,274,50,ContralateralHighFrequency,Contralateral HF,3.49208007006395
P0274,274,50,HorizontalILDMAE,Horizontal ILD MAE,0.48394575914062
P0277,277,14,FullSphereERB,Full-sphere ERB,1.08448523968431
P0277,277,14,Contralateral25ERB,Contralateral 25-deg ERB,1.65614651843346
P0277,277,14,ContralateralHighFrequency,Contralateral HF,4.34394281857906
P0277,277,14,HorizontalILDMAE,Horizontal ILD MAE,0.647778110575504
P0277,277,26,FullSphereERB,Full-sphere ERB,0.78988775339449
P0277,277,26,Contralateral25ERB,Contralateral 25-deg ERB,1.23537353696567
P0277,277,26,ContralateralHighFrequency,Contralateral HF,3.81619093207984
P0277,277,26,HorizontalILDMAE,Horizontal ILD MAE,0.608109314370212
P0277,277,50,FullSphereERB,Full-sphere ERB,0.783963675781261
P0277,277,50,Contralateral25ERB,Contralateral 25-deg ERB,1.24291542637235
P0277,277,50,ContralateralHighFrequency,Contralateral HF,3.77273413426235
P0277,277,50,HorizontalILDMAE,Horizontal ILD MAE,0.756125923068129
P0278,278,14,FullSphereERB,Full-sphere ERB,1.2288597735994
P0278,278,14,Contralateral25ERB,Contralateral 25-deg ERB,1.64896398304034
P0278,278,14,ContralateralHighFrequency,Contralateral HF,4.22964677009812
P0278,278,14,HorizontalILDMAE,Horizontal ILD MAE,0.674563867745503
P0278,278,26,FullSphereERB,Full-sphere ERB,0.791729665428954
P0278,278,26,Contralateral25ERB,Contralateral 25-deg ERB,1.30275610270027
P0278,278,26,ContralateralHighFrequency,Contralateral HF,3.38298730266894
P0278,278,26,HorizontalILDMAE,Horizontal ILD MAE,0.42787835468989
P0278,278,50,FullSphereERB,Full-sphere ERB,0.784187384347932
P0278,278,50,Contralateral25ERB,Contralateral 25-deg ERB,1.25167530168688
P0278,278,50,ContralateralHighFrequency,Contralateral HF,3.3230964886995
P0278,278,50,HorizontalILDMAE,Horizontal ILD MAE,0.506166191439296
P0294,294,14,FullSphereERB,Full-sphere ERB,1.28771406197107
P0294,294,14,Contralateral25ERB,Contralateral 25-deg ERB,1.64865526195643
P0294,294,14,ContralateralHighFrequency,Contralateral HF,4.99788230543391
P0294,294,14,HorizontalILDMAE,Horizontal ILD MAE,0.67308227066025
P0294,294,26,FullSphereERB,Full-sphere ERB,0.88619445939988
P0294,294,26,Contralateral25ERB,Contralateral 25-deg ERB,1.38351402859814
P0294,294,26,ContralateralHighFrequency,Contralateral HF,3.89307663563384
P0294,294,26,HorizontalILDMAE,Horizontal ILD MAE,0.672868849289616
P0294,294,50,FullSphereERB,Full-sphere ERB,0.865181573513106
P0294,294,50,Contralateral25ERB,Contralateral 25-deg ERB,1.40131221790571
P0294,294,50,ContralateralHighFrequency,Contralateral HF,3.91965055116406
P0294,294,50,HorizontalILDMAE,Horizontal ILD MAE,0.72726457700022
P0295,295,14,FullSphereERB,Full-sphere ERB,0.995898949004971
P0295,295,14,Contralateral25ERB,Contralateral 25-deg ERB,1.6153737358974
P0295,295,14,ContralateralHighFrequency,Contralateral HF,3.71262559194527
P0295,295,14,HorizontalILDMAE,Horizontal ILD MAE,0.861499661264967
P0295,295,26,FullSphereERB,Full-sphere ERB,0.694445232213123
P0295,295,26,Contralateral25ERB,Contralateral 25-deg ERB,1.16973735136151
P0295,295,26,ContralateralHighFrequency,Contralateral HF,3.24637887888327
P0295,295,26,HorizontalILDMAE,Horizontal ILD MAE,0.649279826273313
P0295,295,50,FullSphereERB,Full-sphere ERB,0.724574605555006
P0295,295,50,Contralateral25ERB,Contralateral 25-deg ERB,1.24379270433691
P0295,295,50,ContralateralHighFrequency,Contralateral HF,3.31731657091807
P0295,295,50,HorizontalILDMAE,Horizontal ILD MAE,0.792434948652577
P0307,307,14,FullSphereERB,Full-sphere ERB,1.18469194320779
P0307,307,14,Contralateral25ERB,Contralateral 25-deg ERB,1.51429335136392
P0307,307,14,ContralateralHighFrequency,Contralateral HF,3.98246442516108
P0307,307,14,HorizontalILDMAE,Horizontal ILD MAE,0.507693261775716
P0307,307,26,FullSphereERB,Full-sphere ERB,0.843824401945664
P0307,307,26,Contralateral25ERB,Contralateral 25-deg ERB,1.15062889577278
P0307,307,26,ContralateralHighFrequency,Contralateral HF,3.61388838909586
P0307,307,26,HorizontalILDMAE,Horizontal ILD MAE,0.585522478048239
P0307,307,50,FullSphereERB,Full-sphere ERB,0.834226454462805
P0307,307,50,Contralateral25ERB,Contralateral 25-deg ERB,1.16146420374106
P0307,307,50,ContralateralHighFrequency,Contralateral HF,3.58920908147668
P0307,307,50,HorizontalILDMAE,Horizontal ILD MAE,0.578904253328795
P0313,313,14,FullSphereERB,Full-sphere ERB,1.13647829595106
P0313,313,14,Contralateral25ERB,Contralateral 25-deg ERB,1.95743044986556
P0313,313,14,ContralateralHighFrequency,Contralateral HF,4.31954078932092
P0313,313,14,HorizontalILDMAE,Horizontal ILD MAE,1.01028463146719
P0313,313,26,FullSphereERB,Full-sphere ERB,0.851171283252633
P0313,313,26,Contralateral25ERB,Contralateral 25-deg ERB,1.29951054371137
P0313,313,26,ContralateralHighFrequency,Contralateral HF,3.80443079666709
P0313,313,26,HorizontalILDMAE,Horizontal ILD MAE,0.627872567649329
P0313,313,50,FullSphereERB,Full-sphere ERB,0.821091845755822
P0313,313,50,Contralateral25ERB,Contralateral 25-deg ERB,1.27554430745567
P0313,313,50,ContralateralHighFrequency,Contralateral HF,3.75088639131635
P0313,313,50,HorizontalILDMAE,Horizontal ILD MAE,0.59635701326426
P0335,335,14,FullSphereERB,Full-sphere ERB,2.22911619485589
P0335,335,14,Contralateral25ERB,Contralateral 25-deg ERB,3.02515445398203
P0335,335,14,ContralateralHighFrequency,Contralateral HF,4.31901808372781
P0335,335,14,HorizontalILDMAE,Horizontal ILD MAE,1.23944682550157
P0335,335,26,FullSphereERB,Full-sphere ERB,1.74142784270253
P0335,335,26,Contralateral25ERB,Contralateral 25-deg ERB,2.12896079354769
P0335,335,26,ContralateralHighFrequency,Contralateral HF,3.9694880452888
P0335,335,26,HorizontalILDMAE,Horizontal ILD MAE,0.644075792039455
P0335,335,50,FullSphereERB,Full-sphere ERB,1.68150314717219
P0335,335,50,Contralateral25ERB,Contralateral 25-deg ERB,2.18626925239548
P0335,335,50,ContralateralHighFrequency,Contralateral HF,4.01133582679601
P0335,335,50,HorizontalILDMAE,Horizontal ILD MAE,0.591324078385319
P0338,338,14,FullSphereERB,Full-sphere ERB,1.15622639080044
P0338,338,14,Contralateral25ERB,Contralateral 25-deg ERB,1.73972106251031
P0338,338,14,ContralateralHighFrequency,Contralateral HF,4.58300289282609
P0338,338,14,HorizontalILDMAE,Horizontal ILD MAE,0.72853631563573
P0338,338,26,FullSphereERB,Full-sphere ERB,0.904806828272761
P0338,338,26,Contralateral25ERB,Contralateral 25-deg ERB,1.3311208670855
P0338,338,26,ContralateralHighFrequency,Contralateral HF,4.33160096961404
P0338,338,26,HorizontalILDMAE,Horizontal ILD MAE,0.685447781747002
P0338,338,50,FullSphereERB,Full-sphere ERB,0.919674035127142
P0338,338,50,Contralateral25ERB,Contralateral 25-deg ERB,1.39291631459595
P0338,338,50,ContralateralHighFrequency,Contralateral HF,4.29762545423707
P0338,338,50,HorizontalILDMAE,Horizontal ILD MAE,0.638276489150084
P0341,341,14,FullSphereERB,Full-sphere ERB,1.13210119800026
P0341,341,14,Contralateral25ERB,Contralateral 25-deg ERB,1.62917647708175
P0341,341,14,ContralateralHighFrequency,Contralateral HF,3.82850800171937
P0341,341,14,HorizontalILDMAE,Horizontal ILD MAE,0.652674871974282
P0341,341,26,FullSphereERB,Full-sphere ERB,0.787351374750273
P0341,341,26,Contralateral25ERB,Contralateral 25-deg ERB,1.07754007017067
P0341,341,26,ContralateralHighFrequency,Contralateral HF,3.28826419985259
P0341,341,26,HorizontalILDMAE,Horizontal ILD MAE,0.512405988017349
P0341,341,50,FullSphereERB,Full-sphere ERB,0.789896550070385
P0341,341,50,Contralateral25ERB,Contralateral 25-deg ERB,1.09729093859951
P0341,341,50,ContralateralHighFrequency,Contralateral HF,3.29049965818986
P0341,341,50,HorizontalILDMAE,Horizontal ILD MAE,0.605012671777278
P0354,354,14,FullSphereERB,Full-sphere ERB,1.1710892530438
P0354,354,14,Contralateral25ERB,Contralateral 25-deg ERB,1.70937637219235
P0354,354,14,ContralateralHighFrequency,Contralateral HF,4.44896757764308
P0354,354,14,HorizontalILDMAE,Horizontal ILD MAE,0.68028146649323
P0354,354,26,FullSphereERB,Full-sphere ERB,0.797715733082536
P0354,354,26,Contralateral25ERB,Contralateral 25-deg ERB,1.24547554446066
P0354,354,26,ContralateralHighFrequency,Contralateral HF,3.74222170777081
P0354,354,26,HorizontalILDMAE,Horizontal ILD MAE,0.440431725384677
P0354,354,50,FullSphereERB,Full-sphere ERB,0.821846663071653
P0354,354,50,Contralateral25ERB,Contralateral 25-deg ERB,1.32960719616201
P0354,354,50,ContralateralHighFrequency,Contralateral HF,3.78624132568704
P0354,354,50,HorizontalILDMAE,Horizontal ILD MAE,0.497361798493478
P0360,360,14,FullSphereERB,Full-sphere ERB,0.922843939010005
P0360,360,14,Contralateral25ERB,Contralateral 25-deg ERB,1.52267755657553
P0360,360,14,ContralateralHighFrequency,Contralateral HF,3.87236312906399
P0360,360,14,HorizontalILDMAE,Horizontal ILD MAE,0.492891848016039
P0360,360,26,FullSphereERB,Full-sphere ERB,0.678154328237206
P0360,360,26,Contralateral25ERB,Contralateral 25-deg ERB,1.04942512067144
P0360,360,26,ContralateralHighFrequency,Contralateral HF,3.20943652696789
P0360,360,26,HorizontalILDMAE,Horizontal ILD MAE,0.364945359727164
P0360,360,50,FullSphereERB,Full-sphere ERB,0.702933232305829
P0360,360,50,Contralateral25ERB,Contralateral 25-deg ERB,1.13163325024114
P0360,360,50,ContralateralHighFrequency,Contralateral HF,3.25536069377324
P0360,360,50,HorizontalILDMAE,Horizontal ILD MAE,0.433621635580246
P0369,369,14,FullSphereERB,Full-sphere ERB,1.06155367727697
P0369,369,14,Contralateral25ERB,Contralateral 25-deg ERB,1.6471526410587
P0369,369,14,ContralateralHighFrequency,Contralateral HF,3.93181755022266
P0369,369,14,HorizontalILDMAE,Horizontal ILD MAE,0.479700601418842
P0369,369,26,FullSphereERB,Full-sphere ERB,0.717202327535685
P0369,369,26,Contralateral25ERB,Contralateral 25-deg ERB,1.13172713365797
P0369,369,26,ContralateralHighFrequency,Contralateral HF,3.40074442508222
P0369,369,26,HorizontalILDMAE,Horizontal ILD MAE,0.555644051551473
P0369,369,50,FullSphereERB,Full-sphere ERB,0.726277754739764
P0369,369,50,Contralateral25ERB,Contralateral 25-deg ERB,1.16260336779444
P0369,369,50,ContralateralHighFrequency,Contralateral HF,3.54527400075921
P0369,369,50,HorizontalILDMAE,Horizontal ILD MAE,0.486831104954368
