SubjectLabel,SubjectID,DirectionCount,FSPAEFrequencyMaxAbsError_Hz,RANFGridMaxAbsError_deg,RANFObservedHRIRMaxAbsError,EvaluationDirectionCount
P0003,3,6,0,0,1.46225042629844e-08,767
P0003,3,14,0,0,1.46225042629844e-08,767
P0003,3,26,0,0,1.46225042629844e-08,767
P0007,7,6,0,0,8.82831957538244e-09,767
P0007,7,14,0,0,8.82831957538244e-09,767
P0007,7,26,0,0,1.23012806052536e-08,767
P0009,9,6,0,0,6.93791721295689e-09,767
P0009,9,14,0,0,7.01627372867719e-09,767
P0009,9,26,0,0,8.61351939773769e-09,767
P0017,17,6,0,0,1.34148346875307e-08,767
P0017,17,14,0,0,1.34148346875307e-08,767
P0017,17,26,0,0,1.41742608761319e-08,767
P0029,29,6,0,0,7.25008419966144e-09,767
P0029,29,14,0,0,7.35280122898807e-09,767
P0029,29,26,0,0,7.44307712685632e-09,767
P0030,30,6,0,0,7.42963818245457e-09,767
P0030,30,14,0,0,7.42963818245457e-09,767
P0030,30,26,0,0,9.34895322268758e-09,767
P0036,36,6,0,0,6.93783272498472e-09,767
P0036,36,14,0,0,6.93783272498472e-09,767
P0036,36,26,0,0,7.35886737657232e-09,767
P0056,56,6,0,0,1.16443467645944e-08,767
P0056,56,14,0,0,1.16443467645944e-08,767
P0056,56,26,0,0,1.31984838058763e-08,767
P0059,59,6,0,0,1.18768075374476e-08,767
P0059,59,14,0,0,1.18768075374476e-08,767
P0059,59,26,0,0,1.32919752426908e-08,767
P0060,60,6,0,0,1.20858291152715e-08,767
P0060,60,14,0,0,1.20858291152715e-08,767
P0060,60,26,0,0,1.20858291152715e-08,767
P0074,74,6,0,0,9.97218108089726e-09,767
P0074,74,14,0,0,9.97218108089726e-09,767
P0074,74,26,0,0,9.97218108089726e-09,767
P0080,80,6,0,0,1.36334047384779e-08,767
P0080,80,14,0,0,1.36334047384779e-08,767
P0080,80,26,0,0,1.36334047384779e-08,767
P0081,81,6,0,0,6.95158813845964e-09,767
P0081,81,14,0,0,6.95158813845964e-09,767
P0081,81,26,0,0,7.34165953031329e-09,767
P0090,90,6,0,0,7.10595984831919e-09,767
P0090,90,14,0,0,7.10595984831919e-09,767
P0090,90,26,0,0,7.14773312759931e-09,767
P0091,91,6,0,0,1.37769799457566e-08,767
P0091,91,14,0,0,1.37769799457566e-08,767
P0091,91,26,0,0,1.37769799457566e-08,767
P0094,94,6,0,0,1.43113673689577e-08,767
P0094,94,14,0,0,1.43113673689577e-08,767
P0094,94,26,0,0,1.48623107154577e-08,767
P0104,104,6,0,0,6.732299939749e-09,767
P0104,104,14,0,0,7.41501229861719e-09,767
P0104,104,26,0,0,7.41501229861719e-09,767
P0114,114,6,0,0,7.30113797198229e-09,767
P0114,114,14,0,0,7.30113797198229e-09,767
P0114,114,26,0,0,7.64794355623266e-09,767
P0117,117,6,0,0,7.16097850461672e-09,767
P0117,117,14,0,0,8.29359680931674e-09,767
P0117,117,26,0,0,1.32337930058846e-08,767
P0118,118,6,0,0,7.08012617978149e-09,767
P0118,118,14,0,0,7.41846375995614e-09,767
P0118,118,26,0,0,9.87845183431091e-09,767
P0122,122,6,0,0,6.68468319586779e-09,767
P0122,122,14,0,0,6.68468319586779e-09,767
P0122,122,26,0,0,7.12250347589816e-09,767
P0129,129,6,0,0,1.21864635049818e-08,767
P0129,129,14,0,0,1.21864635049818e-08,767
P0129,129,26,0,0,1.21864635049818e-08,767
P0134,134,6,0,0,7.42796360531095e-09,767
P0134,134,14,0,0,7.42796360531095e-09,767
P0134,134,26,0,0,7.42796360531095e-09,767
P0147,147,6,0,0,1.28822231215686e-08,767
P0147,147,14,0,0,1.28822231215686e-08,767
P0147,147,26,0,0,1.28822231215686e-08,767
P0163,163,6,0,0,7.41574335272333e-09,767
P0163,163,14,0,0,7.41574335272333e-09,767
P0163,163,26,0,0,7.41574335272333e-09,767
P0177,177,6,0,0,9.17223186291949e-09,767
P0177,177,14,0,0,1.48430077118178e-08,767
P0177,177,26,0,0,1.48430077118178e-08,767
P0231,231,6,0,0,1.00265022395796e-08,767
P0231,231,14,0,0,1.00265022395796e-08,767
P0231,231,26,0,0,1.11556002768687e-08,767
P0234,234,6,0,0,4.88388665620398e-09,767
P0234,234,14,0,0,7.30563951001351e-09,767
P0234,234,26,0,0,1.06001675215239e-08,767
P0237,237,6,0,0,8.61727234013898e-09,767
P0237,237,14,0,0,8.61727234013898e-09,767
P0237,237,26,0,0,1.34753649350117e-08,767
P0240,240,6,0,0,6.97989605003002e-09,767
P0240,240,14,0,0,7.26350615765092e-09,767
P0240,240,26,0,0,7.32341590148344e-09,767
P0260,260,6,0,0,7.01657207335948e-09,767
P0260,260,14,0,0,7.05470629136506e-09,767
P0260,260,26,0,0,7.23401527569223e-09,767
P0261,261,6,0,0,5.78892311864365e-09,767
P0261,261,14,0,0,7.26860766020465e-09,767
P0261,261,26,0,0,7.26860766020465e-09,767
P0291,291,6,0,0,7.16427098201855e-09,767
P0291,291,14,0,0,7.35519828376496e-09,767
P0291,291,26,0,0,7.35519828376496e-09,767
P0293,293,6,0,0,7.29493668250036e-09,767
P0293,293,14,0,0,7.29493668250036e-09,767
P0293,293,26,0,0,7.43130187941254e-09,767
P0304,304,6,0,0,6.41261016509631e-09,767
P0304,304,14,0,0,7.16791012655982e-09,767
P0304,304,26,0,0,7.16791012655982e-09,767
P0309,309,6,0,0,5.82522782788253e-09,767
P0309,309,14,0,0,5.82522782788253e-09,767
P0309,309,26,0,0,7.21094184363835e-09,767
P0324,324,6,0,0,6.91759982629492e-09,767
P0324,324,14,0,0,6.91759982629492e-09,767
P0324,324,26,0,0,6.91759982629492e-09,767
P0325,325,6,0,0,6.43318817661331e-09,767
P0325,325,14,0,0,6.43318817661331e-09,767
P0325,325,26,0,0,6.43318817661331e-09,767
P0327,327,6,0,0,5.87796716855493e-09,767
P0327,327,14,0,0,5.87796716855493e-09,767
P0327,327,26,0,0,5.87796716855493e-09,767
P0331,331,6,0,0,3.70449736164513e-09,767
P0331,331,14,0,0,5.43965256172285e-09,767
P0331,331,26,0,0,7.19638904023157e-09,767
P0339,339,6,0,0,7.42620820393114e-09,767
P0339,339,14,0,0,7.42620820393114e-09,767
P0339,339,26,0,0,7.42620820393114e-09,767
P0349,349,6,0,0,7.15959883046402e-09,767
P0349,349,14,0,0,7.15959883046402e-09,767
P0349,349,26,0,0,7.19503945312283e-09,767
P0364,364,6,0,0,7.03627706100107e-09,767
P0364,364,14,0,0,7.03627706100107e-09,767
P0364,364,26,0,0,7.03627706100107e-09,767
P0371,371,6,0,0,7.44723333001573e-09,767
P0371,371,14,0,0,7.44723333001573e-09,767
P0371,371,26,0,0,7.44723333001573e-09,767
