SubjectLabel,SubjectID,Method,Metric,Unit,Value
nh18,18,MCA,ERBBandILDMean,dB,1.8063353300094604
nh18,18,MCA,ITDWeightedMAE,us,14.206418170283946
nh18,18,MCA,FullSphereLSD,dB,4.3634034484558928
nh18,18,FSC,ERBBandILDMean,dB,1.4666851758956909
nh18,18,FSC,ITDWeightedMAE,us,13.662521971742606
nh18,18,FSC,FullSphereLSD,dB,3.5355564386769762
nh19,19,MCA,ERBBandILDMean,dB,2.0836596488952637
nh19,19,MCA,ITDWeightedMAE,us,13.716337046747501
nh19,19,MCA,FullSphereLSD,dB,5.0284896804944541
nh19,19,FSC,ERBBandILDMean,dB,1.7081431150436401
nh19,19,FSC,ITDWeightedMAE,us,12.750819227682323
nh19,19,FSC,FullSphereLSD,dB,3.9482058694828481
nh41,41,MCA,ERBBandILDMean,dB,2.2217087745666504
nh41,41,MCA,ITDWeightedMAE,us,18.583681796934403
nh41,41,MCA,FullSphereLSD,dB,4.5974205594824493
nh41,41,FSC,ERBBandILDMean,dB,1.5361099243164062
nh41,41,FSC,ITDWeightedMAE,us,18.385608142960642
nh41,41,FSC,FullSphereLSD,dB,3.5143098014626153
nh46,46,MCA,ERBBandILDMean,dB,2.333604097366333
nh46,46,MCA,ITDWeightedMAE,us,14.66093058425324
nh46,46,MCA,FullSphereLSD,dB,4.3939364312764617
nh46,46,FSC,ERBBandILDMean,dB,1.6814248561859131
nh46,46,FSC,ITDWeightedMAE,us,14.463620940487145
nh46,46,FSC,FullSphereLSD,dB,3.4369043143983111
nh47,47,MCA,ERBBandILDMean,dB,2.2623534202575684
nh47,47,MCA,ITDWeightedMAE,us,21.085447931660049
nh47,47,MCA,FullSphereLSD,dB,4.9018139924438895
nh47,47,FSC,ERBBandILDMean,dB,1.7232652902603149
nh47,47,FSC,ITDWeightedMAE,us,20.489812846114646
nh47,47,FSC,FullSphereLSD,dB,3.8251588502045948
nh55,55,MCA,ERBBandILDMean,dB,2.0762667655944824
nh55,55,MCA,ITDWeightedMAE,us,17.509043050734796
nh55,55,MCA,FullSphereLSD,dB,4.7422685764329424
nh55,55,FSC,ERBBandILDMean,dB,1.803004264831543
nh55,55,FSC,ITDWeightedMAE,us,17.04491495830591
nh55,55,FSC,FullSphereLSD,dB,3.9564854240000011
nh56,56,MCA,ERBBandILDMean,dB,2.0146198272705078
nh56,56,MCA,ITDWeightedMAE,us,14.720557729746861
nh56,56,MCA,FullSphereLSD,dB,4.8114994878955422
nh56,56,FSC,ERBBandILDMean,dB,1.5877475738525391
nh56,56,FSC,ITDWeightedMAE,us,14.378895971831669
nh56,56,FSC,FullSphereLSD,dB,3.9622187483921074
nh61,61,MCA,ERBBandILDMean,dB,1.9933253526687622
nh61,61,MCA,ITDWeightedMAE,us,11.592515515053755
nh61,61,MCA,FullSphereLSD,dB,4.6104606198925016
nh61,61,FSC,ERBBandILDMean,dB,1.6308761835098267
nh61,61,FSC,ITDWeightedMAE,us,11.222513848453104
nh61,61,FSC,FullSphereLSD,dB,3.7048534770072399
nh163,163,MCA,ERBBandILDMean,dB,2.255610466003418
nh163,163,MCA,ITDWeightedMAE,us,18.029168586376301
nh163,163,MCA,FullSphereLSD,dB,4.7860699089648726
nh163,163,FSC,ERBBandILDMean,dB,1.6510080099105835
nh163,163,FSC,ITDWeightedMAE,us,17.182691257200052
nh163,163,FSC,FullSphereLSD,dB,3.8247947043133617
nh165,165,MCA,ERBBandILDMean,dB,2.2108173370361328
nh165,165,MCA,ITDWeightedMAE,us,15.971622874602845
nh165,165,MCA,FullSphereLSD,dB,4.6343392505677317
nh165,165,FSC,ERBBandILDMean,dB,1.6432801485061646
nh165,165,FSC,ITDWeightedMAE,us,15.63487960777692
nh165,165,FSC,FullSphereLSD,dB,3.5166115717252366
nh166,166,MCA,ERBBandILDMean,dB,2.1349260807037354
nh166,166,MCA,ITDWeightedMAE,us,14.489927704449606
nh166,166,MCA,FullSphereLSD,dB,4.5526739679981763
nh166,166,FSC,ERBBandILDMean,dB,1.7772074937820435
nh166,166,FSC,ITDWeightedMAE,us,14.146190837537059
nh166,166,FSC,FullSphereLSD,dB,3.9455062826287488
nh209,209,MCA,ERBBandILDMean,dB,1.9949027299880981
nh209,209,MCA,ITDWeightedMAE,us,13.72762107858553
nh209,209,MCA,FullSphereLSD,dB,4.2924214729288694
nh209,209,FSC,ERBBandILDMean,dB,1.5343886613845825
nh209,209,FSC,ITDWeightedMAE,us,13.3149701406023
nh209,209,FSC,FullSphereLSD,dB,3.4902207403863104
nh226,226,MCA,ERBBandILDMean,dB,1.9434006214141846
nh226,226,MCA,ITDWeightedMAE,us,17.576882144954546
nh226,226,MCA,FullSphereLSD,dB,4.4260298812994323
nh226,226,FSC,ERBBandILDMean,dB,1.663649320602417
nh226,226,FSC,ITDWeightedMAE,us,17.128651000060458
nh226,226,FSC,FullSphereLSD,dB,3.7879041687085686
nh233,233,MCA,ERBBandILDMean,dB,1.7919385433197021
nh233,233,MCA,ITDWeightedMAE,us,13.326869981533457
nh233,233,MCA,FullSphereLSD,dB,4.2153516888132039
nh233,233,FSC,ERBBandILDMean,dB,1.4286645650863647
nh233,233,FSC,ITDWeightedMAE,us,12.783194433085153
nh233,233,FSC,FullSphereLSD,dB,3.1165576999993361
nh246,246,MCA,ERBBandILDMean,dB,1.883292555809021
nh246,246,MCA,ITDWeightedMAE,us,16.968867530551336
nh246,246,MCA,FullSphereLSD,dB,4.68422547622745
nh246,246,FSC,ERBBandILDMean,dB,1.509635329246521
nh246,246,FSC,ITDWeightedMAE,us,16.461719868055454
nh246,246,FSC,FullSphereLSD,dB,3.851451259280104
nh251,251,MCA,ERBBandILDMean,dB,2.3987834453582764
nh251,251,MCA,ITDWeightedMAE,us,19.147092058777023
nh251,251,MCA,FullSphereLSD,dB,4.9956820270456266
nh251,251,FSC,ERBBandILDMean,dB,1.816489577293396
nh251,251,FSC,ITDWeightedMAE,us,18.395475063157807
nh251,251,FSC,FullSphereLSD,dB,3.877165759142069
nh252,252,MCA,ERBBandILDMean,dB,2.5272793769836426
nh252,252,MCA,ITDWeightedMAE,us,16.589830453558125
nh252,252,MCA,FullSphereLSD,dB,5.0696652027223603
nh252,252,FSC,ERBBandILDMean,dB,1.659369945526123
nh252,252,FSC,ITDWeightedMAE,us,16.30585043254813
nh252,252,FSC,FullSphereLSD,dB,3.982646910534184
nh709,709,MCA,ERBBandILDMean,dB,1.852665901184082
nh709,709,MCA,ITDWeightedMAE,us,10.017398201858896
nh709,709,MCA,FullSphereLSD,dB,4.5770589886786643
nh709,709,FSC,ERBBandILDMean,dB,1.7797389030456543
nh709,709,FSC,ITDWeightedMAE,us,9.8737032479906439
nh709,709,FSC,FullSphereLSD,dB,3.6562134746317332
nh710,710,MCA,ERBBandILDMean,dB,1.9768085479736328
nh710,710,MCA,ITDWeightedMAE,us,14.076368805263346
nh710,710,MCA,FullSphereLSD,dB,4.7526315932727208
nh710,710,FSC,ERBBandILDMean,dB,1.4572824239730835
nh710,710,FSC,ITDWeightedMAE,us,13.643481916037885
nh710,710,FSC,FullSphereLSD,dB,3.7242687658968832
nh770,770,MCA,ERBBandILDMean,dB,2.0893628597259521
nh770,770,MCA,ITDWeightedMAE,us,17.508176925799606
nh770,770,MCA,FullSphereLSD,dB,4.7173240972151333
nh770,770,FSC,ERBBandILDMean,dB,1.679036021232605
nh770,770,FSC,ITDWeightedMAE,us,17.028923924465889
nh770,770,FSC,FullSphereLSD,dB,3.7346329483778633
nh780,780,MCA,ERBBandILDMean,dB,2.1258888244628906
nh780,780,MCA,ITDWeightedMAE,us,15.396924494453325
nh780,780,MCA,FullSphereLSD,dB,4.7750780817260097
nh780,780,FSC,ERBBandILDMean,dB,1.5528616905212402
nh780,780,FSC,ITDWeightedMAE,us,14.846013419282386
nh780,780,FSC,FullSphereLSD,dB,3.7458609397173852
nh791,791,MCA,ERBBandILDMean,dB,2.0044617652893066
nh791,791,MCA,ITDWeightedMAE,us,13.739246266315313
nh791,791,MCA,FullSphereLSD,dB,4.6551990733166972
nh791,791,FSC,ERBBandILDMean,dB,1.5284099578857422
nh791,791,FSC,ITDWeightedMAE,us,12.810996994205237
nh791,791,FSC,FullSphereLSD,dB,3.4486849565555011
