cycle,cycle_elapsed_seconds,gradient_norm_max,gradient_norm_mean,learning_rate,optimizer_steps_completed,train_contralateral_high_frequency_mae_db,train_erb_mae_db,train_full_sphere_lsd_db,train_high_frequency_first_difference_mae_db_per_bin,train_high_frequency_second_difference_mae_db_per_bin2,train_ild_mae_db,train_ild_spectral_proxy_mae_db,train_lsd_loss_db,train_notch_depth_mae_db,train_residual_mae_db,train_residual_smooth_l1,train_spectral_band_ild_mae_db,train_spectral_band_ild_smooth_l1_db,train_total,validation_contralateral_high_frequency_mae_db,validation_erb_mae_db,validation_full_sphere_lsd_db,validation_high_frequency_first_difference_mae_db_per_bin,validation_high_frequency_second_difference_mae_db_per_bin2,validation_ild_mae_db,validation_ild_spectral_proxy_mae_db,validation_lsd_loss_db,validation_notch_depth_mae_db,validation_residual_mae_db,validation_residual_smooth_l1,validation_spectral_band_ild_mae_db,validation_spectral_band_ild_smooth_l1_db,validation_total,validation_weighted_residual_mae_db
1,13.637256700000002,15.493361473083496,7.482339191436767,2e-05,130,4.8888575553894045,1.3261387614103464,0.0,0.8954501115358793,0.7791915311263158,0.7812970746022004,0.9515021230165776,0.0,0.8702202696066637,3.2850726696161123,0.36225365033516516,1.9883457229687618,1.761091318497291,1.0780625274548163,,,,,,,,,,,,,,,
2,9.289216199999998,14.655757904052734,8.012281043712909,4e-05,260,4.577194677866422,1.2440492804233845,0.0,0.8696517293269818,0.7678953161606422,0.785948678621879,0.890948692881144,0.0,0.8321372802440937,3.1456773867973915,0.33937546610832214,1.9454642928563632,1.71830575466156,1.0228637236815232,,,,,,,,,,,,,,,
3,9.107806499999999,13.25113296508789,7.327775797477135,6.000000000000001e-05,390,4.393314258868878,1.2192242292257456,0.0,0.8382622388693003,0.7454128845379903,0.7899538867748701,0.8514157054515985,0.0,0.7857696819763917,3.0598155626883874,0.3240482558424656,1.901617498581226,1.6755546652353728,0.9893264325765463,,,,,,,,,,,,,,,
4,7.790982,10.279285430908203,6.956573838454027,8e-05,520,4.424414761249835,1.2637038331765396,0.0,0.8305516187961285,0.7433121119554226,0.7884228273079945,0.8704685662801449,0.0,0.7760098301447355,3.097712120643029,0.329014068039564,1.903789565196404,1.67722981434602,1.0014448184233444,,,,,,,,,,,,,,,
5,7.6951713999999996,11.524251937866211,6.408120324061467,0.0001,650,4.33854266680204,1.234267568588257,0.0,0.8160368337081029,0.7309507408967385,0.8040305676368567,0.8870568958612589,0.0,0.7761976604278271,3.0193347435731153,0.31596784167564834,1.8870130630639883,1.6608640065559974,0.9805933370040013,4.341282020915639,1.2050868652083657,4.270669655366377,0.8250371569936926,0.7451830641789869,0.846730958331715,0.8668774935332212,4.270669655366377,0.7685035358775746,2.999416242946278,0.31368171085010876,1.8528334119103171,1.626757952299985,0.9806018065322529,2.9994163242864516
6,7.4244749,9.681171417236328,6.434124821882982,9.998826490092421e-05,780,4.3638661824739895,1.2452754016105945,0.0,0.8279975143762736,0.7487437078585991,0.8086303726984905,0.8951030506537511,0.0,0.7720606161997868,3.0591458100538986,0.32175763031611077,1.896216859267308,1.6701239622556245,0.9910800232337071,,,,,,,,,,,,,,,
7,7.65467129999999,10.103819847106934,6.258578271132249,9.995306511219885e-05,910,4.335470493023212,1.2106847735551687,0.0,0.8258831780690413,0.7497749883394975,0.7786777338156333,0.8251614100657977,0.0,0.7678156270430638,3.031690791937021,0.3180594657476132,1.8642295929101798,1.6385351355259234,0.9753446597319383,,,,,,,,,,,,,,,
8,7.274324800000002,12.015989303588867,6.576646338976347,9.989441715674422e-05,1040,4.290700837282034,1.2059097675176766,0.0,0.8159099716406603,0.7484816509943742,0.7609070479869843,0.8470919822271054,0.0,0.7588200032711029,2.998881926903358,0.31393213203320136,1.8329522600540749,1.607793333897224,0.9640391106788929,,,,,,,,,,,,,,,
9,7.700302800000003,11.03395938873291,6.715189702694232,9.981234856414307e-05,1170,4.263009693072393,1.2109383936111744,0.0,0.8112565416556138,0.7424231476508654,0.770424385712697,0.8145042765599031,0.0,0.755735804942938,2.998401111822862,0.31210881758194703,1.8395675072303186,1.6134213887728177,0.9624762172882374,,,,,,,,,,,,,,,
10,7.231301099999996,10.273666381835938,6.654801500760592,9.970689785771798e-05,1300,4.194282507896423,1.1745535630446213,0.0,0.8065505486268264,0.7438932875028024,0.757245588531861,0.7691230622621683,0.0,0.7481511629544771,2.9391663532990675,0.30306353580493195,1.828648671737084,1.603641899732443,0.9415286651024452,4.25010621547699,1.1970089240507646,4.164979793808677,0.8138527436689897,0.7573951997540214,0.8045868142084642,0.836120524189689,4.164979793808677,0.7413074184547771,2.9490290121598677,0.3033213642510501,1.8308115113865246,1.6049594987522473,0.9557570977644487,2.949029072941316
11,7.90899490000001,10.143667221069336,6.820065454336313,9.957811453644847e-05,1430,4.271219449776869,1.183714448947173,0.0,0.8148060069634364,0.7546452962435208,0.7279808388306545,0.8091173584644611,0.0,0.7550939069344447,2.9693434788630557,0.3081001764306655,1.8061151165228624,1.5809790299488948,0.948365286221871,,,,,,,,,,,,,,,
12,7.171031900000003,11.105161666870117,6.96246511385991,9.942605905173592e-05,1560,4.2039852472452015,1.1887149040515606,0.0,0.8099257478347192,0.7547028869390487,0.7439003944396972,0.824812604372318,0.0,0.734709181693884,2.948488994745108,0.3045927956700325,1.817679867377648,1.5924886281673725,0.9432449959791623,,,,,,,,,,,,,,,
13,7.481131500000004,9.69542407989502,6.866769203772912,9.925080277902743e-05,1690,4.19416642005627,1.1750570136767167,0.0,0.8160096594920525,0.7597969646637256,0.7464588965360935,0.7961655857471319,0.0,0.7473478968326862,2.9516184311646683,0.30444364639428945,1.805917424422044,1.5813090443611144,0.9420175107625814,,,,,,,,,,,,,,,
14,7.476686700000002,15.809009552001953,7.231174879807693,9.905242798431196e-05,1820,4.225558876991272,1.186496764421463,0.0,0.8250099989084098,0.774771393262423,0.7500597252295568,0.8510065892568002,0.0,0.7504821107937739,2.9637687041209295,0.3062689068225714,1.7987134869282062,1.5735550761222838,0.9487978531764104,,,,,,,,,,,,,,,
15,7.95934170000001,11.02658748626709,7.253727557108952,9.883102778550434e-05,1950,4.171508607497582,1.1724661937126746,0.0,0.8076344572580778,0.7595323739143518,0.7317132204771042,0.7856923174399596,0.0,0.7359641721615424,2.920142652438237,0.29819408494692584,1.7973038700910715,1.572433117719797,0.9307141120617206,4.201924594965848,1.147432652386752,4.1302958293394605,0.8078838153318926,0.7635519233616915,0.7636504471302032,0.7752623964439739,4.1302958293394605,0.7277457307685505,2.9009042111310093,0.2973054186864333,1.80995374917984,1.5854058103127913,0.9322090176018801,2.9009042932196967
16,7.659249100000011,10.597906112670898,7.3291206213144156,9.858670610873528e-05,2080,4.234716839056748,1.1762818726209494,0.0,0.8111629018416772,0.7665894311207991,0.7263927844854502,0.7828079397861775,0.0,0.7311829310197097,2.9362098803887,0.3025989755988121,1.7762753046475923,1.5518801285670354,0.9380194425582886,,,,,,,,,,,,,,,
17,8.409701900000016,12.569043159484863,7.2124307008890005,9.831957763956813e-05,2210,4.15921711738293,1.178515402170328,0.0,0.8104184003976675,0.7637040560062115,0.7174038034219008,0.8279960801968208,0.0,0.7379351780964778,2.928253513116103,0.30079076645465996,1.7941433264659001,1.5691409340271583,0.9317696658464578,,,,,,,,,,,,,,,
18,8.133808300000027,10.268248558044434,7.143646064171424,9.802976776916494e-05,2340,4.16531282388247,1.1675065233157231,0.0,0.8001813943569477,0.755527041050104,0.6913989945099904,0.7940190583467484,0.0,0.7230643125680777,2.902861508956322,0.29628458114770745,1.7675923943519591,1.5425898098028623,0.9199241555654085,,,,,,,,,,,,,,,
19,8.325997999999998,10.710829734802246,7.284095448714036,9.771741253542741e-05,2470,4.1461399903664224,1.1787146527033585,0.0,0.7968729658768727,0.748858540562483,0.7187567983682339,0.8184960810037759,0.0,0.7273092801754292,2.9187128397134634,0.29884682721816574,1.7663482464276827,1.5416155773859757,0.9273085135679978,,,,,,,,,,,,,,,
20,8.559765499999997,13.027824401855469,7.313200682860154,9.738265855914013e-05,2600,4.195895541631258,1.1577246390856228,0.0,0.8049017603580768,0.7564150076646071,0.7167300779085893,0.8113813856473335,0.0,0.7339534663237058,2.907180268947895,0.2977714041104684,1.778456214758066,1.5538886088591355,0.9264224488001603,4.158860510045832,1.1532486948100003,4.091329325329173,0.8025787228887732,0.7604144188490781,0.7240026132626967,0.7833278721029108,4.091329325329173,0.7207444228909232,2.8862075697291982,0.29392682490023697,1.7918665354902095,1.5678549679842861,0.9204450656067241,2.8862076058682944
21,8.544641299999995,10.400650978088379,7.2424632475926325,9.70256629751462e-05,2730,4.15345827799577,1.1566200595635634,0.0,0.7906393679288718,0.7425125456773318,0.6977725927646343,0.7958062621263358,0.0,0.717233328635876,2.900543544842647,0.29654459689672175,1.7521317931321951,1.5271072442714984,0.9174769314435812,,,,,,,,,,,,,,,
22,8.053014999999988,11.772499084472656,7.145917408282941,9.664659335858755e-05,2860,4.127716306539682,1.15896896811632,0.0,0.7961254752599276,0.7482406930281565,0.701046874660712,0.784980158163951,0.0,0.717492580643067,2.8903003399188703,0.29354406079420675,1.7788769263487596,1.5542470024182247,0.9147730391759139,,,,,,,,,,,,,,,
23,8.361912700000005,9.676126480102539,6.956612451259907,9.624562764624445e-05,2990,4.153189277648925,1.1590717618282025,0.0,0.8071443328490624,0.7625899551006464,0.6916124997230676,0.7835003917033856,0.0,0.7287603469995352,2.9083799655620868,0.2973573089792178,1.7507023591261643,1.5264453310232895,0.9198706736931435,,,,,,,,,,,,,,,
24,8.365715899999998,12.381179809570312,7.066397754962628,9.582295405301131e-05,3120,4.06751346221337,1.1491984463655032,0.0,0.7833644793583796,0.7305814834741445,0.7130019396543503,0.8001293086088621,0.0,0.7154290802203692,2.8776682706979604,0.2917453419703704,1.7390898612829355,1.5146513920563918,0.9084961781134973,,,,,,,,,,,,,,,
25,8.671647300000018,10.774226188659668,6.7645426970261795,9.537877098354786e-05,3250,4.146076363783616,1.1611041894325844,0.0,0.797477019750155,0.7467969866899343,0.6833080660838348,0.7921076974043479,0.0,0.7155053379443975,2.8954299174822293,0.29517508527407277,1.728188801728762,1.5044878079341009,0.9143391256148998,4.127919164570895,1.1424489292231472,4.066081729802218,0.7868661988865245,0.7368078529834747,0.7946444099599664,0.799638032913208,4.066081729802218,0.7077869610352949,2.8670789761976763,0.2909743901003491,1.8043763095682317,1.5803374702280217,0.9229061061685736,2.867079083811109
26,8.7232147,11.372078895568848,6.745462274551391,9.491328693914722e-05,3380,4.070082537944501,1.150581563436068,0.0,0.7836718793098744,0.7315469292493967,0.6679187481219951,0.7590241865469859,0.0,0.7086624429776118,2.865453918163593,0.29093701862371885,1.7426724809866685,1.5189419572169964,0.9007756856771616,,,,,,,,,,,,,,,
27,8.837678900000014,12.276581764221191,6.8488044628730185,9.442672041986457e-05,3510,4.071875544694754,1.1552475828390856,0.0,0.7897525934072641,0.7379044606135442,0.6652836297567074,0.7827284613480935,0.0,0.7103499295619818,2.8598528678600603,0.2891279159830167,1.742429901086367,1.5182002626932585,0.8999737767072824,,,,,,,,,,,,,,,
28,8.70603239999997,11.876543998718262,6.867278047708365,9.391929982195232e-05,3640,4.066134005326491,1.151154532799354,0.0,0.7827531466117272,0.7333178339096216,0.6650463170730151,0.7862558321310924,0.0,0.6986612264926617,2.8449108563936676,0.28657778799533845,1.717422971358666,1.4941063037285438,0.8949986485334543,,,,,,,,,,,,,,,
29,9.051337999999987,9.930954933166504,6.646399318254911,9.339126333065007e-05,3770,3.9928181703274066,1.1381646339709943,0.0,0.7787147173514732,0.7269205276782696,0.6464627158183318,0.7922117643631421,0.0,0.7009848915613615,2.8365760784882768,0.28528068501215714,1.696527857046861,1.473492167546199,0.8846199526236608,,,,,,,,,,,,,,,
30,8.786655899999971,13.808602333068848,6.824347580396212,9.284285880837946e-05,3900,4.088933728291438,1.1365508505931268,0.0,0.7701087809526004,0.7188701586081432,0.6630766678314942,0.8018223489706333,0.0,0.6945048749446869,2.8464110869627732,0.2875068756250235,1.7000716814628014,1.4769169303087089,0.8930247315993676,4.069708574901927,1.121630159291354,4.017038562081077,0.7772354781627655,0.7287700040773912,0.7297266803004525,0.7694626396352594,4.017038562081077,0.6959759565916929,2.8294325308366255,0.2850077673792839,1.7520572543144226,1.5283574353564868,0.8987789912657305,2.8294325827332214
31,8.888106199999982,13.069085121154785,6.832623305687537,9.22743436783966e-05,4030,4.053217585270222,1.1535093243305499,0.0,0.7789615768652696,0.7297943809857735,0.6439404221681448,0.7884849474980281,0.0,0.7002990626371823,2.840348251049335,0.2860242147858326,1.716992501112131,1.493767995100755,0.8906956883577201,,,,,,,,,,,,,,,
32,8.839161100000013,13.147421836853027,6.741278365942148,9.168598480395651e-05,4160,4.050399763767536,1.1354201394778032,0.0,0.7787320643663407,0.7254120854231028,0.6302658376785425,0.7768584366028125,0.0,0.7072693430460416,2.8506403372837945,0.2882525272094286,1.7022374519935022,1.478879794707665,0.8880267234948965,,,,,,,,,,,,,,,
33,9.167088500000034,12.450050354003906,6.965904881403996,9.107805836304658e-05,4290,4.0024090766906735,1.1385584556139432,0.0,0.7736916386164152,0.7218967900826381,0.630957045004918,0.7456129908561706,0.0,0.7023301456983273,2.823990717301002,0.2833767152749575,1.697082557128026,1.4739209000880902,0.8805598419446211,,,,,,,,,,,,,,,
34,8.9829924,12.289104461669922,7.026292366247911,9.045084971874738e-05,4420,4.0618824500304,1.1246870233462407,0.0,0.7715583489491389,0.7200597203694857,0.6339986173006205,0.7359983682632446,0.0,0.6951046116076983,2.827992343902588,0.2836400718643115,1.6905559869912954,1.4677531205690824,0.8815325324351971,,,,,,,,,,,,,,,
35,8.764416400000016,14.477254867553711,7.0631530871758095,8.980465328528219e-05,4550,3.9544650352918183,1.1200025856494904,0.0,0.7693337261676788,0.7177351183616199,0.613765482031382,0.751593788082783,0.0,0.6884468012131177,2.79727753675901,0.27841951296879697,1.6944429003275359,1.4718961527714363,0.8664258177463825,4.047079628164118,1.129580790346319,3.978170319037004,0.7637622600251978,0.7110566984523427,0.7117144329981371,0.7708520970561288,3.978170319037004,0.6857076612385836,2.811933008107272,0.28120126507499,1.714934836734425,1.4923897114667026,0.8900316899473016,2.8119330597197605
36,9.109190000000012,13.449321746826172,7.061052703857422,8.913977238981778e-05,4680,4.025115205691411,1.1271484599663661,0.0,0.7674775359722285,0.7153931636076707,0.6198360571494469,0.7587653788236471,0.0,0.6923120441345069,2.827970106785114,0.28373215267291435,1.6954816873256977,1.4731631187292247,0.8774733781814575,,,,,,,,,,,,,,,
37,9.211094100000025,12.471534729003906,6.821003631445078,8.845651913008145e-05,4810,4.044360437759987,1.1406198290678171,0.0,0.7722150289095365,0.7196370681891074,0.6015670813046969,0.7685954297964389,0.0,0.6929927633358882,2.839015504030081,0.2857851993579131,1.695333110369169,1.4718225598335266,0.8801763713359833,,,,,,,,,,,,,,,
38,9.925019200000008,14.547213554382324,7.137600719011747,8.775521422786104e-05,4940,3.9824474096298217,1.1337350776562325,0.0,0.7597068470257979,0.7100242344232706,0.5980760481495123,0.8018368980059257,0.0,0.6725294255293333,2.796031381533696,0.2785797817202715,1.6856640678185684,1.4623634485098032,0.8659123604114239,,,,,,,,,,,,,,,
39,8.80034889999996,12.959787368774414,7.188127169242272,8.703618687845696e-05,5070,3.9434945253225475,1.1183337803070361,0.0,0.7624880685256078,0.7056538526828472,0.5957242814394144,0.7494456034440261,0.0,0.6897002197228945,2.7904355947787947,0.277166855105987,1.6569523682961098,1.4347321418615488,0.8605555117130279,,,,,,,,,,,,,,,
40,8.853802599999995,14.573662757873535,7.083048171263474,8.629977459615655e-05,5200,3.9814914043133074,1.1080324984513796,0.0,0.7637836786416861,0.7143688717713723,0.6009341537952423,0.779131103020448,0.0,0.6815733182888765,2.7973091528965877,0.2794702425599098,1.6753221429311311,1.4528596731332633,0.8640435255490817,4.045298565517772,1.1198888529430737,3.985641295259649,0.7594581165096976,0.7051779627799988,0.7414333143017509,0.7987933185967532,3.985641295259649,0.6814466118812561,2.808831897648898,0.2814465293830091,1.7408989017659968,1.515018343925476,0.8928326937285337,2.8088319432892948
41,8.798439900000005,16.080081939697266,7.1080411250774675,8.554632305580354e-05,5330,4.052961619083698,1.1226936161518097,0.0,0.7617391398319832,0.7041323581567177,0.5989754078479913,0.7482399580570368,0.0,0.6913253577855917,2.8234143018722535,0.2833482997921797,1.6707639749233538,1.4478732191599333,0.8736650205575502,,,,,,,,,,,,,,,
42,9.27986420000002,14.484930992126465,7.37551265679873,8.477618593053693e-05,5460,3.9987293243408204,1.1213385568215297,0.0,0.7737681411779844,0.7253200952823345,0.5838618507752051,0.7479526052108177,0.0,0.6803541327898319,2.793376091810373,0.27866196918946046,1.6722119294680082,1.449736894094027,0.8642808295213259,,,,,,,,,,,,,,,
43,8.886594000000002,14.82124137878418,8.045938576184787,8.39897247257754e-05,5590,4.070455763890193,1.115826587493603,0.0,0.7622021762224344,0.7086639688565181,0.5832804267223065,0.7576195258360643,0.0,0.6842246658526934,2.8118842400037325,0.28176825539423866,1.6737564022724445,1.4509315628271837,0.8692711073618669,,,,,,,,,,,,,,,
44,4.6955134000000385,13.57062816619873,7.329080262550941,8.318730860952522e-05,5720,3.911406709597661,1.1040170316512767,0.0,0.7534947652083177,0.7043822838709904,0.5801948240170112,0.735449552994508,0.0,0.6656811168560615,2.737078360410837,0.2692266468818371,1.6621241542009206,1.4396893615906055,0.8444576946588663,,,,,,,,,,,,,,,
45,4.361342000000036,15.829960823059082,7.383775468973013,8.236931423909138e-05,5850,3.9849840659361617,1.1183856478104224,0.0,0.766305991090261,0.7152155351180297,0.5923904237838892,0.7744523112590497,0.0,0.6853030390464343,2.7853024299328144,0.27738322443686997,1.7048280009856591,1.4818839348279513,0.8630955897844754,4.018932862715288,1.1073778109116987,3.9621423049406572,0.7563846219669689,0.7056671353903684,0.7156970257108862,0.7661515772342682,3.9621423049406572,0.6732963215221058,2.79261069948023,0.279052119363438,1.737701654434204,1.514031784100966,0.8825547180392526,2.792610746228683
46,3.965459599999974,14.816892623901367,7.460381830655612,8.153612558427311e-05,5980,3.939349491779621,1.08643599152565,0.0,0.767842867741218,0.719828100846364,0.5550973010750917,0.725800735446123,0.0,0.6847916486171576,2.757601136427659,0.2727062398424515,1.6334920791479257,1.4110648709994096,0.8449005099443289,,,,,,,,,,,,,,,
47,3.9869057000000225,15.150102615356445,7.657438828394963,8.068813374712688e-05,6110,4.0116864167726956,1.1290457973113426,0.0,0.7668978198216512,0.7118178835281959,0.5711055386524934,0.8080018128340061,0.0,0.6868989589122626,2.8053887935785147,0.2794297844171524,1.6551278435266934,1.4326799897047189,0.8643969480807965,,,,,,,,,,,,,,,
48,4.0129186000000345,13.460756301879883,7.504883329684918,7.982573677838172e-05,6240,3.940138308818524,1.0919153039272016,0.0,0.7644400360492559,0.7132575413355461,0.5314933138398024,0.7289448887109756,0.0,0.6849635972426488,2.7528931324298567,0.27249117344617846,1.6626137274962205,1.4402965554824243,0.8418736815452575,,,,,,,,,,,,,,,
49,3.8688032999999677,15.036331176757812,7.854129131023701,7.894933949059245e-05,6370,3.9690531492233276,1.1116115143665901,0.0,0.7661427589563223,0.7200315995858266,0.5500860493916732,0.7658263635176878,0.0,0.6744547855395537,2.7831739975855903,0.2761257611788236,1.6749030709266663,1.4524809571412893,0.8526494003259218,,,,,,,,,,,,,,,
50,3.9219871999999896,13.599501609802246,7.457640244410588,7.805935326811912e-05,6500,3.930790217106159,1.098947202700835,0.0,0.7563594694320972,0.7076693906233861,0.5384787089549579,0.7272153343145664,0.0,0.6739404563720409,2.7610449048189016,0.273875390795561,1.6315332807027376,1.4105105546804575,0.8433647462954887,4.006177078593861,1.1139751130884343,3.936821395700628,0.7579132616519928,0.7080520174720071,0.7267299077727578,0.7744370129975405,3.936821395700628,0.6759769916534424,2.7865535671060737,0.2770617042075504,1.7357896295460788,1.5122680880806663,0.8829190487211401,2.7865536514398412
51,3.8736533999999665,15.76814079284668,7.621600393148569,7.715619587402164e-05,6630,3.9310012817382813,1.1031603107085595,0.0,0.7566810736289391,0.7070002101934874,0.5322970092296601,0.7479010506318166,0.0,0.673694416651359,2.7503736606011024,0.27173000253163854,1.666138492180751,1.4430839772407824,0.8412421561204471,,,,,,,,,,,,,,,
52,4.123390900000004,14.611410140991211,7.817065260960505,7.624029125396004e-05,6760,3.9269256041600156,1.0790966171484726,0.0,0.7573765724897384,0.7097794248507573,0.5354738755868031,0.7463523264114673,0.0,0.6763845957242526,2.745018192437979,0.2716202328984554,1.641916468510261,1.4197676126773542,0.8377605928824499,,,,,,,,,,,,,,,
53,3.9288860999999997,13.611467361450195,7.486869830351609,7.53120693371927e-05,6890,3.8812373656492967,1.084613383274812,0.0,0.761531212925911,0.7153145441642175,0.5223360114372694,0.7255322685608497,0.0,0.6778255902803861,2.7543505466901337,0.2729576352697152,1.6300888813458956,1.4090235114097596,0.8359471614544208,,,,,,,,,,,,,,,
54,3.9578420999999935,15.384469032287598,7.8137021614955025,7.437196583476596e-05,7020,3.978552713760963,1.0971891439878023,0.0,0.7668167962477758,0.7218942811855903,0.5102124964961638,0.7604537271536314,0.0,0.6751399824252495,2.7681877337969265,0.2751615198758932,1.6347325407541715,1.4134005005543049,0.8435594971363362,,,,,,,,,,,,,,,
55,3.9796673999999825,13.438846588134766,7.309421561314509,7.342042203498951e-05,7150,3.8475854745277993,1.0880142560371986,0.0,0.7595278059060757,0.7106239043749296,0.4800080127440966,0.7073120504617691,0.0,0.6694363717849438,2.7297193435522225,0.26774623095989225,1.6053218814042898,1.3839961414153759,0.8220089238423568,4.005447745323181,1.1046934832226147,3.929133252664046,0.7556278705596924,0.7075460715727373,0.7308678735386241,0.7650410289114172,3.929133252664046,0.6730539202690125,2.7770284956151787,0.2760809978300875,1.7123889272863215,1.4902459653941067,0.8805722973563455,2.777028575724271
56,3.9265277000000083,15.179738998413086,7.021553421020508,7.245788459629396e-05,7280,3.8768734473448534,1.0788028235618885,0.0,0.7598581800094018,0.7113334614496964,0.48091139701696545,0.7103231079303302,0.0,0.6746062524043597,2.7316806279695953,0.2692707365522018,1.61329745054245,1.391630758689,0.8241918632617363,,,,,,,,,,,,,,,
57,3.8420581999999968,15.098613739013672,7.690553103960477,7.14848053375676e-05,7410,3.8990276703467734,1.0817913339688228,0.0,0.7416802548445188,0.6901693261586703,0.49150685782615955,0.7286193973742998,0.0,0.66898612678051,2.7116857051849363,0.2663988947868347,1.613479447364807,1.3920274890386142,0.8226196431196653,,,,,,,,,,,,,,,
58,3.7919863999999848,14.80907917022705,7.82929963698754,7.05016410260708e-05,7540,3.8632852462621834,1.0768614617677836,0.0,0.7571633531497075,0.710101072375591,0.4681494389589016,0.703278742157496,0.0,0.6676606306662927,2.720244448001568,0.2669051680427331,1.6094065831257747,1.3887425587727473,0.8182374243552868,,,,,,,,,,,,,,,
59,3.8181528999999728,14.349027633666992,7.7334721015049865,6.950885316302773e-05,7670,3.821009186597971,1.0742201410807095,0.0,0.7420452003295605,0.6919543993014555,0.4621869519352913,0.7078788514320667,0.0,0.663141314799969,2.7131718507179845,0.2656557812140538,1.6110332067196185,1.3900325738466703,0.8119023382663727,,,,,,,,,,,,,,,
60,3.9641718999999966,15.2930269241333,7.460872000914353,6.850690776699573e-05,7800,3.868331791804387,1.0797150382628808,0.0,0.7519470356977903,0.7025842402990048,0.4462550965639261,0.7508651304703492,0.0,0.6686076581478119,2.706518263083238,0.2641185399431449,1.5970270386108985,1.3760308527029477,0.8122122260240409,4.009149193763733,1.0987153270027854,3.9430728392167524,0.7508181089704687,0.7019080330025066,0.716659581119364,0.7604333758354187,3.9430728392167524,0.6680679456754164,2.7775627699765293,0.27692991427399893,1.713957055048509,1.4924941604787654,0.8778047317808325,2.7775628441883065
61,3.9129084999999577,19.154783248901367,8.174599306400006,6.749627515511442e-05,7930,3.9287953816927397,1.0882630875477424,0.0,0.75806086567732,0.7131554472904938,0.4664825679017947,0.7483392417430877,0.0,0.6680219492086997,2.740862216399266,0.27059322125636615,1.6182366536213801,1.3972345375097714,0.8270274570355048,,,,,,,,,,,,,,,
62,3.860674299999914,14.706633567810059,7.5590124423687275,6.647742972233703e-05,8060,3.8314976618840144,1.079401697562291,0.0,0.7379231948118944,0.6829887550610763,0.43928393652805914,0.7178939046768041,0.0,0.6684073865413666,2.709574950658358,0.26506236241413994,1.615570435157189,1.3944842054293707,0.8090049202625568,,,,,,,,,,,,,,,
63,3.8385534000000234,14.462818145751953,8.215859185732327,6.545084971874738e-05,8190,3.8204556593528163,1.0669982575453245,0.0,0.7464381878192609,0.6978860733600764,0.43737460134121087,0.7115386204077647,0.0,0.6621959736713996,2.6957430188472453,0.26345152064011645,1.5825314833567692,1.3617521272255824,0.8048052434737866,,,,,,,,,,,,,,,
64,3.7969545999999355,16.676671981811523,8.078588401354276,6.441701702506754e-05,8320,3.9450912622305063,1.0842853248119355,0.0,0.7692359222815587,0.7221004999600924,0.4308691546320915,0.7168080086891467,0.0,0.6787840572687296,2.7517718883661124,0.27275411578325126,1.5891758606984066,1.3688087096581092,0.8251557061305412,,,,,,,,,,,,,,,
65,3.843287200000077,17.799318313598633,8.257367031390851,6.337641692646106e-05,8450,3.871972493024973,1.0836415176208203,0.0,0.7523313272457857,0.704850082214062,0.4454232210150132,0.7412184671713755,0.0,0.6660740309036695,2.7156856701924252,0.26582696609772166,1.6038826309717618,1.3826252121191758,0.8145839934165661,3.974291671406139,1.1048936654220929,3.9388100017200816,0.7506056427955627,0.7053503881801259,0.7311740436337211,0.7689608172936873,3.9388100017200816,0.663266507062045,2.7721545804630625,0.27595351975072513,1.7056542472405867,1.4840995398434726,0.877936761487614,2.7721546606599796
66,3.8761732000000393,14.18796157836914,7.889393989856426,6.232953788473811e-05,8580,3.763086405167213,1.06862161388764,0.0,0.7357792897866322,0.6862216733969175,0.427046999335289,0.7274216761955848,0.0,0.6551180293926826,2.6835103236711944,0.2610838342171449,1.6061298810518705,1.38489249256941,0.7970574314777668,,,,,,,,,,,,,,,
67,3.8231532000000925,14.671496391296387,7.98424596786499,6.127687130906972e-05,8710,3.822591238755446,1.0956443392313444,0.0,0.7640105967338269,0.7192562382954818,0.39888991919847633,0.7137803996984775,0.0,0.6699148842921624,2.7292503430293156,0.26875385034542815,1.5722728179051326,1.3517081948427054,0.8106336735762083,,,,,,,,,,,,,,,
68,3.9484247000000323,15.17223834991455,7.934927217776959,6.021891132531825e-05,8840,3.8902836157725407,1.0744700555617992,0.0,0.7527867078781127,0.7053766023654204,0.4191529278571789,0.7174574088591795,0.0,0.6696218486015614,2.71524380170382,0.2665894448757172,1.598688330100133,1.3782710112058199,0.811049956541795,,,,,,,,,,,,,,,
69,3.888686600000028,15.98393440246582,7.878397457416241,5.9156154544092815e-05,8970,3.789284172424903,1.066613161105376,0.0,0.7475773742565742,0.7008882286456916,0.39132285714149473,0.6837778948820554,0.0,0.6643547518895223,2.6898466532046976,0.2624455714455018,1.5795918052013105,1.3591137179961572,0.7953206974726457,,,,,,,,,,,,,,,
70,3.9083376000000953,15.683963775634766,8.222967606324415,5.808909982763825e-05,9100,3.787136255777799,1.0554900696644416,0.0,0.7419735392698875,0.6911754990999516,0.4135006565314073,0.6866990747360083,0.0,0.6659715661635766,2.677117454088651,0.2603450650205979,1.5809321907850413,1.3598974319604726,0.7943310788044563,3.9730551676316694,1.091204364191402,3.912875370545821,0.7480897036465731,0.7024304920976813,0.7209370515563271,0.757440594109622,3.912875370545821,0.6627359200607646,2.7585411722009834,0.27353705262595956,1.6972730105573481,1.475442815910686,0.8714392022653059,2.758541273054375
71,3.9817894999999908,15.501567840576172,7.837721853989821,5.701824805566722e-05,9230,3.8096209947879496,1.0606567277358128,0.0,0.7444744678644034,0.6939289427720583,0.37773011991610894,0.6694434670301584,0.0,0.6600976304366039,2.6909692470843973,0.2632308703202468,1.5605626225471496,1.3405871272087098,0.7933185632412251,,,,,,,,,,,,,,,
72,3.9680305000000544,17.906715393066406,8.321186516835139,5.5944101890245324e-05,9360,3.7942530448620135,1.063484158882728,0.0,0.7476498085718889,0.6979630850828611,0.3943224406013122,0.7081490463935411,0.0,0.6643198173779707,2.6832894820433397,0.2613117875961157,1.5500826533024128,1.3295211232625521,0.7940300033642695,,,,,,,,,,,,,,,
73,3.888140599999929,14.919922828674316,8.11386598440317,5.486716553983951e-05,9490,3.8400170527971706,1.0742244156507346,0.0,0.7440693937815153,0.6925271185544821,0.35965354316509685,0.6895723558389224,0.0,0.6717504242291817,2.714177837738624,0.2661518041904156,1.56578512100073,1.3458718084372008,0.7978105902671814,,,,,,,,,,,,,,,
74,3.9646602999999914,16.59290313720703,8.389376368889442,5.378794452264053e-05,9620,3.824932107558617,1.0596378262226398,0.0,0.7361450071518237,0.6847516843905815,0.38213476767906773,0.6935469551728322,0.0,0.6607778542316877,2.688697369282062,0.26297886967658995,1.5442656168570885,1.324660917887321,0.7935411939254173,,,,,,,,,,,,,,,
75,3.894310599999926,17.02143669128418,8.567285691774808,5.270694542927088e-05,9750,3.7737619326664853,1.0585775710069216,0.0,0.7425627598395714,0.6917987525463104,0.39245331046672965,0.6944133957991233,0.0,0.660755409185703,2.666015544304481,0.2582979665352748,1.5673883071312538,1.3470802164994753,0.7884354128287389,3.9447258602489126,1.089312808080153,3.8875426704233345,0.7483612326058474,0.700397477908568,0.7325067709792744,0.7508793608708815,3.8875426704233345,0.6657445363023065,2.7466452446850864,0.27114688469605014,1.6940763809464194,1.4717140035195784,0.869183364239606,2.746645314855663
76,4.033978900000079,19.21604347229004,8.194637529666608,5.162467568498903e-05,9880,3.785344331081097,1.0476478539980374,0.0,0.7472489941578645,0.6990855622750062,0.35366117587456336,0.6728840910471403,0.0,0.6645771643290153,2.6765429551784807,0.26074575988145976,1.5504379712618315,1.3307844863488123,0.7843660065760979,,,,,,,,,,,,,,,
77,4.0015174000000115,20.023433685302734,8.473077080799984,5.0541643311502e-05,10010,3.8622898138486423,1.0543971992455996,0.0,0.7491546021058009,0.7019058676866384,0.3666233173356606,0.6881549145166691,0.0,0.6587196542666509,2.686171713242164,0.2622909431274121,1.5727384576430687,1.3524452924728394,0.792929640183082,,,,,,,,,,,,,,,
78,4.001883399999997,17.432771682739258,8.287322877003596,4.945835668849801e-05,10140,3.8763787251252393,1.070033851495156,0.0,0.7441431416915013,0.6979041890456126,0.3600767917357958,0.6860129445791244,0.0,0.6536083418589372,2.6978595953721265,0.26439319803164557,1.535406778408931,1.3158331087002388,0.7960817836798154,,,,,,,,,,,,,,,
79,3.8361428000000615,15.526191711425781,8.135519379835863,4.837532431501098e-05,10270,3.8092812813245334,1.0544526462371533,0.0,0.7496081409546045,0.7020470112562179,0.3293960133424172,0.685174093567408,0.0,0.6639566102853188,2.683126213000371,0.26177909064751403,1.556295422407297,1.3363707771668067,0.7841729512581459,,,,,,,,,,,,,,,
80,3.9278873999999178,16.167282104492188,8.078461918464074,4.729305457072913e-05,10400,3.7071561336517336,1.042247518667808,0.0,0.7401401377641238,0.69602353985493,0.336000954417082,0.6777392701460765,0.0,0.6525666509683316,2.633796369112455,0.25324395814767253,1.5384449619513292,1.3187327935145452,0.7679931324261885,3.949271787296642,1.0858563157645138,3.8893626711585303,0.7430805211717432,0.6958491422913291,0.7288428246974945,0.7521704977208917,3.8893626711585303,0.6580637991428375,2.745585398240523,0.27117419242858887,1.6821186921813271,1.4606186530806802,0.8673527620055459,2.745585507681848
81,3.990817199999924,16.009002685546875,8.326889635966374,4.6212055477359486e-05,10530,3.7850116913135237,1.0490512476517604,0.0,0.7454959250413454,0.6989521077046028,0.3393337262364534,0.68860725072714,0.0,0.6620654541712541,2.666702518096337,0.2589107687656696,1.5340708274107713,1.3147000853831952,0.7801142293673295,,,,,,,,,,,,,,,
82,4.0232339000000366,16.31464195251465,8.192871654950656,4.5132834460160524e-05,10660,3.7685219012773956,1.0418027222156525,0.0,0.7384510966447684,0.6922666744543956,0.3331995040178299,0.6518023571142784,0.0,0.6522389842913701,2.6370844345826367,0.254302047766172,1.5411153041399441,1.3220299133887659,0.7715080215380742,,,,,,,,,,,,,,,
83,3.988997499999982,16.922271728515625,8.365701187573947,4.405589810975468e-05,10790,3.7624760407667894,1.0315877263362592,0.0,0.7362801987391252,0.6827025970587364,0.321065628184722,0.6614940567658498,0.0,0.6652988103719858,2.6503927102455727,0.25671653140049716,1.5302943844061632,1.310705449947944,0.770459162730437,,,,,,,,,,,,,,,
84,3.9975375000000213,16.747920989990234,8.157628550896277,4.298175194433279e-05,10920,3.7898024357282196,1.0516979611836947,0.0,0.7486104373748486,0.6996085985348774,0.32559796170546457,0.6837151933174866,0.0,0.663739607655085,2.6654830767558173,0.2590807335881086,1.5439738126901479,1.323656881772555,0.7791996359825134,,,,,,,,,,,,,,,
85,3.996454399999948,15.992526054382324,8.083336037855881,4.1910900172361764e-05,11050,3.7859251224077664,1.0432975571889145,0.0,0.7454237846227793,0.6969968263919537,0.3239419286067669,0.6638183174225,0.0,0.6591211144740765,2.6663275113472573,0.25876225508176365,1.525788635473985,1.3062538142387683,0.7764308544305655,3.9386189634149726,1.0940114909952336,3.8730980374596338,0.7457572194662961,0.7011798051270571,0.7392463684082031,0.7544284435835752,3.8730980374596338,0.6578498414971612,2.7431802966377954,0.26996593245051126,1.6791086738759822,1.4572032202373852,0.8687042187560688,2.7431803677917785
86,3.9568219000000227,16.42462158203125,8.34963791186993,4.084384545590719e-05,11180,3.8283888835173387,1.0595489089305585,0.0,0.74801017000125,0.7020550975432762,0.3089724140671583,0.6745029117052371,0.0,0.6565065374741188,2.673908854447878,0.2598245797248987,1.526366441983443,1.30685055072491,0.7799992868533501,,,,,,,,,,,,,,,
87,4.00718269999993,16.992694854736328,8.527641179011418,3.9781088674681764e-05,11310,3.717180840785687,1.0257397188590123,0.0,0.7300756358183347,0.6823285504029347,0.30027484733324783,0.6591199210056892,0.0,0.6481358399757973,2.617463353047004,0.2511824362553083,1.5362310382036062,1.316855565401224,0.7571880083817703,,,,,,,,,,,,,,,
88,4.093279999999936,15.766990661621094,8.25737089743981,3.8723128690930296e-05,11440,3.808836139165438,1.043111664056778,0.0,0.740900842501567,0.6913132607936859,0.2929674154290786,0.6912311586049887,0.0,0.6651346979232935,2.672272012783931,0.2599161478189322,1.4965518850546617,1.2781715920338264,0.7736444615400755,,,,,,,,,,,,,,,
89,4.111025899999959,17.27562141418457,8.267240428924561,3.7670462115261906e-05,11570,3.7648576718110305,1.033494043808717,0.0,0.7401028401576556,0.6914703061947456,0.274328316289645,0.6567548225705441,0.0,0.652463916861094,2.625753465065589,0.2522912315451182,1.4953945554219759,1.2770229912721194,0.7585960058065561,,,,,,,,,,,,,,,
90,3.9259839999999713,18.905473709106445,8.642614386631893,3.6623583073538966e-05,11700,3.7681640331561748,1.0395300397506126,0.0,0.7372364094624153,0.6892257204422584,0.28200319695931214,0.6722693500610498,0.0,0.6511542038275645,2.6490640071722176,0.2562046791498478,1.5273051032653222,1.3083335592196539,0.7648108152242807,3.9300558783791284,1.083749215711247,3.871686675331809,0.7438358176838268,0.6983447616750543,0.7360088974237442,0.7547214735638011,3.871686675331809,0.6562833745371212,2.735948909412731,0.26935703036460007,1.6812631325288252,1.459627709605477,0.865324464711276,2.7359489474068877
91,3.9764379000000645,15.388927459716797,8.841090899247389,3.558298297493247e-05,11830,3.715752696990967,1.0397137545622313,0.0,0.731403695161526,0.6778693618682715,0.29027409840088625,0.6522304232303913,0.0,0.6520294544788507,2.634783856685345,0.2534010472205969,1.5177405935067396,1.2987197944751152,0.7599286886361929,,,,,,,,,,,,,,,
92,4.088711999999987,15.54439640045166,8.414231014251708,3.4549150281252636e-05,11960,3.7119915558741643,1.0361190539139968,0.0,0.7448899220961791,0.6995799504793607,0.2614745770509426,0.6407947987318039,0.0,0.6555793938728479,2.6391009990985577,0.2544802629030668,1.5092252942231985,1.29033482166437,0.7573266400740697,,,,,,,,,,,,,,,
93,4.184230999999954,16.40226173400879,8.289067162000215,3.3522570277662985e-05,12090,3.7023921709794263,1.0196580400833717,0.0,0.732632214977191,0.6860471732341327,0.266362668803105,0.6568728073285176,0.0,0.6466810205808052,2.596246059124286,0.24880281159510978,1.519820197728964,1.300848560149853,0.7478950220804949,,,,,,,,,,,,,,,
94,4.042542499999968,18.454038619995117,8.58559483381418,3.250372484488558e-05,12220,3.7279832473168004,1.030827757028433,0.0,0.743199399801401,0.6975875519789182,0.2677788329239075,0.649797648191452,0.0,0.6556508923952397,2.6455406500742984,0.25597553287561126,1.5133379569420449,1.2946076278503125,0.7596972795633169,,,,,,,,,,,,,,,
95,4.085698199999911,16.84104347229004,7.8897051701178915,3.149309223300428e-05,12350,3.7513074709818914,1.0390716910362243,0.0,0.7463192348296825,0.699422778074558,0.2677539463226612,0.6450475170062139,0.0,0.6604107515170023,2.6403298983207115,0.25607885867357255,1.5088687639970046,1.2904834435536312,0.762725686109983,3.923065044663169,1.0717440112070604,3.8664226965470747,0.740033434195952,0.6931812275539745,0.7161406671459024,0.7406820411031897,3.8664226965470747,0.6550360159440474,2.7251395854082974,0.2683245316147804,1.6547378301620483,1.433707681569186,0.8583386242389679,2.725139619485311
96,4.08305740000003,17.527681350708008,8.160216210438655,3.0491146836972272e-05,12480,3.7517593897306,1.043160572877297,0.0,0.7460495834167187,0.6959820174253903,0.2578766561471499,0.6668401511815878,0.0,0.6627929838804099,2.6474741275493914,0.2560973421885417,1.5166302057412955,1.2978275092748495,0.7619797147237337,,,,,,,,,,,,,,,
97,4.169932399999993,14.728232383728027,8.322605907000028,2.9498358973929196e-05,12610,3.6818540316361648,1.0227753052344688,0.0,0.7332921757147862,0.6859923163285622,0.2488485554089913,0.639803915986648,0.0,0.6457481948228982,2.6075756238057064,0.24967149140743108,1.4909046439024118,1.2724165173677298,0.7451818709190076,,,,,,,,,,,,,,,
98,4.089635600000065,17.24232292175293,8.85572529572707,2.851519466243242e-05,12740,3.6576736560234657,1.0273097148308388,0.0,0.7467676387383387,0.7027847826480865,0.25067689917408503,0.6321723711032133,0.0,0.6545074813641034,2.62278605057643,0.25250831166139015,1.4968538843668424,1.2786216914653779,0.749566604082401,,,,,,,,,,,,,,,
99,4.088959199999977,16.397212982177734,9.14372935295105,2.7542115403706063e-05,12870,3.7485599407782924,1.0333614606123704,0.0,0.7404447427162757,0.6972298269088452,0.24073288314617597,0.6779096635488363,0.0,0.6469004530173081,2.6267101434560924,0.25319406149479057,1.4854231201685393,1.2673754591208237,0.7532331035687373,,,,,,,,,,,,,,,
100,4.186734999999999,15.423663139343262,8.431346680567815,2.65795779650105e-05,13000,3.633997027690594,1.0151003493712498,0.0,0.7326142164377066,0.6901174662204889,0.2307397695688101,0.6435406776574942,0.0,0.6392327618140441,2.583524347268618,0.24618346014848122,1.4875704664450424,1.2697858026394477,0.7349430973713215,3.9294597777453335,1.0846916030753742,3.8697357286106455,0.7394706200469624,0.693274893543937,0.7155036763711409,0.7450007362799211,3.8697357286106455,0.6523457115346735,2.736233342777599,0.2691181830384515,1.6551425673744895,1.4349114840680903,0.861173150214282,2.7362333691884513
101,4.169596599999977,16.352394104003906,8.60422156040485,2.562803416523405e-05,13130,3.7209344423734225,1.0257822843698354,0.0,0.7365019470453262,0.6914762811018871,0.23051716352884585,0.6506956554376162,0.0,0.6515404996963647,2.621216161434467,0.2512810088120974,1.4827443361282349,1.2648348299356607,0.7470497163442466,,,,,,,,,,,,,,,
102,4.123212299999977,17.016420364379883,8.656590905556312,2.4687930662807303e-05,13260,3.6523089170455934,1.0213406998377579,0.0,0.7270175612889803,0.6795785369781348,0.22703209679860334,0.6286064434510011,0.0,0.6486899614334106,2.607266580141508,0.24919203015474173,1.4879703677617586,1.2695508282918198,0.7392475293232844,,,,,,,,,,,,,,,
103,4.12124510000001,15.049476623535156,8.172857225858248,2.3759708746039976e-05,13390,3.723999868906461,1.0221813958424788,0.0,0.729349482517976,0.6800130571310337,0.22026848363188598,0.6304226487874984,0.0,0.6483474043699411,2.6175537457832925,0.25146815960223856,1.4696761415554926,1.2518076479434967,0.7442164155153128,,,,,,,,,,,,,,,
104,4.244362000000024,18.55780029296875,8.79000145472013,2.2843804125978357e-05,13520,3.6802665655429547,1.0096398596580212,0.0,0.7286806312891153,0.6822966470168187,0.22022229662308326,0.6271450872604664,0.0,0.6489076575407615,2.5953465856038607,0.2485340457696181,1.4783399985386776,1.2600014851643488,0.7372610298486856,,,,,,,,,,,,,,,
105,4.3276111999999785,13.842935562133789,8.408753362068763,2.194064673188089e-05,13650,3.7036113849053014,1.0169610720414382,0.0,0.7461678658540433,0.7042944561976653,0.2125864854798867,0.6583596344177539,0.0,0.6497548644359296,2.6078039701168354,0.2505271919644796,1.481953645669497,1.264039726440723,0.7420676506482637,3.9046645164489746,1.0761419561776249,3.8508903221650557,0.737658064473759,0.6902741844003851,0.7109451023015109,0.7371972826394168,3.8508903221650557,0.6529164964502508,2.720471837303855,0.26685935123400256,1.656657186421481,1.436510449106043,0.8554954041134227,2.72047191748285
106,4.259260099999892,15.77541732788086,8.303318001673771,2.105066050940758e-05,13780,3.62877747462346,1.0077774460499103,0.0,0.7396879737193768,0.6934201382673704,0.19905535578727723,0.6388166400102469,0.0,0.6515322556862464,2.5902865905028123,0.24693155277233858,1.483686085847708,1.265973359804887,0.7306090574998122,,,,,,,,,,,,,,,
107,4.23096529999998,15.419198989868164,8.55216277195857,2.0174263221618307e-05,13910,3.668705547772921,1.0122689329660857,0.0,0.7305687890602992,0.6829171460408431,0.2087946637891806,0.6110664684038896,0.0,0.6499124171642157,2.5823497561308053,0.24620378831258186,1.485726914039025,1.268032589325538,0.7332458844551674,,,,,,,,,,,,,,,
108,4.27772230000005,15.848978996276855,8.039494092647846,1.931186625287313e-05,14040,3.6600295928808357,1.0162413789675786,0.0,0.730777297111658,0.6859886121291381,0.1860602824160686,0.6620519530314666,0.0,0.6417322177153367,2.579344206589919,0.24556725804622356,1.4849333579723651,1.2670011708369622,0.7288725087275871,,,,,,,,,,,,,,,
109,4.270989600000007,15.6188383102417,8.91764541405898,1.8463874415726918e-05,14170,3.7000914151851947,1.0201324627949642,0.0,0.736368924837846,0.6868793492133801,0.19602703308829894,0.6561930658725592,0.0,0.6562646340865356,2.6221939508731547,0.2520704060792923,1.4811628910211416,1.2635948162812454,0.7407308688530555,,,,,,,,,,,,,,,
110,4.218628699999954,16.020374298095703,8.857674011817345,1.7630685760908622e-05,14300,3.678122408573444,1.015143243624614,0.0,0.7345478365054497,0.6867392581242782,0.1833153312595991,0.6592166912097197,0.0,0.6494442692169776,2.594667400763585,0.24824318622167293,1.483252112682049,1.2657438975114088,0.7325622879541838,3.9139887636358086,1.0753529396924106,3.8517779978838833,0.7364712005311792,0.6877420354973186,0.7121126001531427,0.748471655628898,3.8517779978838833,0.6524049856446006,2.722710371017456,0.2671940821138295,1.6530189351602034,1.432619040662592,0.8561560674147173,2.722710411484194
111,4.135274799999934,17.16195297241211,8.448485987003034,1.6812691390474787e-05,14430,3.65755662551293,0.9997134428757888,0.0,0.7342154296544882,0.6853500932455063,0.177650185330556,0.6335035216349821,0.0,0.6515121336166675,2.586322182875413,0.24692658357895336,1.4556895233117617,1.238694809950315,0.726739673431103,,,,,,,,,,,,,,,
112,4.194631100000038,12.92892837524414,7.890987641994769,1.6010275274224606e-05,14560,3.602523420407222,1.0042410442462335,0.0,0.7358509907355675,0.6932882038446573,0.16914481148123742,0.6090323466521043,0.0,0.6391786258954268,2.5777734169593223,0.245346892453157,1.4651052951812744,1.2480419021386366,0.7213941358602964,,,,,,,,,,,,,,,
113,4.201224300000035,13.937480926513672,8.013048263696524,1.5223814069463078e-05,14690,3.7401258615347057,1.0344180152966427,0.0,0.7461400715204386,0.7005259912747603,0.17647707788990094,0.6242430728215438,0.0,0.6562144240507712,2.637979272695688,0.2543859424499365,1.4667825772212102,1.2491141997850859,0.7450571472828205,,,,,,,,,,,,,,,
114,4.3564069000000245,16.60596466064453,8.526935360981868,1.4453676944196476e-05,14820,3.7349604001412025,0.9985644794427432,0.0,0.7409659761648911,0.6975709922038592,0.1603307210482084,0.6471797697819196,0.0,0.6442721233918116,2.5815901985535255,0.24614604390584505,1.4635087948579055,1.246500200033188,0.7274426721609556,,,,,,,,,,,,,,,
115,4.219266700000048,13.10621166229248,8.241395081006564,1.3700225403843476e-05,14950,3.687656881259038,1.016025680762071,0.0,0.732977179151315,0.6843480479258758,0.16009734742916548,0.6417761903542739,0.0,0.6578405274794652,2.6060812418277446,0.24974107031638806,1.4613889033977803,1.2443732568850885,0.7312587352899405,3.9029641151428223,1.0706533816727726,3.8483220772309736,0.7375418029048226,0.6908682855692777,0.7037512456828897,0.7352732447060671,3.8483220772309736,0.6516652486541055,2.7169465043328027,0.26657146554101596,1.6503009037538008,1.4298103831031106,0.8530376716093584,2.716946606187497
116,3.934463600000072,16.06264305114746,8.4373189669389,1.296381312154305e-05,15080,3.661928860957806,1.0059012124171625,0.0,0.729355773788232,0.6856651876981442,0.15303837456382238,0.6375482689875823,0.0,0.6443580175821598,2.5847001534241896,0.24690624383779672,1.4497668587244474,1.2327183475861183,0.7233709688370045,,,,,,,,,,,,,,,
117,3.9816522999999506,13.63841438293457,8.39540776839623,1.2244785772138972e-05,15210,3.612619970395015,1.0013712511612818,0.0,0.7292213572905614,0.6830737847548265,0.15074787586927413,0.624623931485873,0.0,0.6437705780451114,2.5775864032598643,0.24576459034131123,1.4531802493792314,1.2360383950746976,0.7185658677266195,,,,,,,,,,,,,,,
118,3.9664274000000432,14.435670852661133,8.348657718071571,1.1543480869918555e-05,15340,3.631328790004437,0.9959327867397896,0.0,0.7250221795760668,0.6798414741571133,0.15287444230455619,0.6309601964858862,0.0,0.639949352466143,2.5450916840479922,0.24039860425087123,1.450021337545835,1.2332645815152388,0.7130714989625491,,,,,,,,,,,,,,,
119,3.862669299999993,15.329263687133789,8.310645914077758,1.0860227610182222e-05,15470,3.63315045099992,1.0013968210953932,0.0,0.7380445608725914,0.6927267750868431,0.14704572472434776,0.586858842923091,0.0,0.65033895946466,2.578505524305197,0.24552684174134182,1.436827721962562,1.22026933156527,0.7198059907326332,,,,,,,,,,,,,,,
120,3.9457491999999093,14.828462600708008,8.389688389117902,1.0195346714717813e-05,15600,3.613410212443425,0.9958720551087306,0.0,0.7227289507022271,0.672593857233341,0.14481958597898484,0.6091367496893956,0.0,0.6415852670486156,2.5681678240115824,0.2438018547800871,1.4529251823058495,1.2361090453771444,0.7140986428811,3.894082047722556,1.0712647979909724,3.841243169524453,0.7364979575980793,0.689543981443752,0.7057493667710911,0.7395895529877056,3.841243169524453,0.6504146971485831,2.7130196311257104,0.26580811698328366,1.649504000490362,1.4292737733234058,0.8520437804135409,2.7130197017152153
121,3.9167567999999164,16.129913330078125,8.272778037878183,9.549150281252633e-06,15730,3.631730899443993,0.9985918269707607,0.0,0.7278652888077956,0.679816848039627,0.13535215410475548,0.6148755655838893,0.0,0.6433939440892293,2.5665274620056153,0.24338025760192136,1.4468804726233848,1.2299887570051047,0.7141122487875131,,,,,,,,,,,,,,,
122,3.955603300000007,13.497746467590332,7.981046753663283,8.921941636953435e-06,15860,3.6141571008242095,1.002342853637842,0.0,0.7379355549812316,0.6882261175375718,0.1263500580420861,0.6193722444084975,0.0,0.6549304581605471,2.5855896674669707,0.2458288637491373,1.4434364520586453,1.226376712322235,0.716300073495278,,,,,,,,,,,,,,,
123,3.9597658999999794,13.84587574005127,8.146444309674777,8.3140151960435e-06,15990,3.636835056084853,1.0050146639347077,0.0,0.7283819409517142,0.6794729040219234,0.13511494077168978,0.6213010430335999,0.0,0.6488415491122466,2.578765680239751,0.24561095226269503,1.4572274088859558,1.2403888835356787,0.7180126777062049,,,,,,,,,,,,,,,
124,3.9760579000000007,13.870287895202637,8.263666145618146,7.725656321603413e-06,16120,3.6504059149668766,0.9931850960621467,0.0,0.73663601233409,0.6901101282009712,0.12424524248792575,0.6290491925982329,0.0,0.6507012254916704,2.571867669545687,0.24475558411616546,1.4512683840898366,1.2344910039351538,0.7151673555374145,,,,,,,,,,,,,,,
125,3.9144519000000173,13.330939292907715,8.037515621918898,7.157141191620548e-06,16250,3.6594686379799475,1.0061545610427856,0.0,0.7277767960841839,0.6785495333946668,0.12235584187393005,0.6341493416291016,0.0,0.6456222628171627,2.5902245118067815,0.24742327630519867,1.4420669775742752,1.2252683896284837,0.7187864106435042,3.90353664484891,1.0704576914960688,3.842203205282038,0.7366696298122406,0.6897445673292334,0.7078634812073274,0.7385862496766177,3.842203205282038,0.6509093696420843,2.7150024392388086,0.26605993847955356,1.6527471975846724,1.4323953769423745,0.8530582839792425,2.715002468606557
126,3.8774589000000788,15.069112777709961,8.611718713320219,6.6087366693499295e-06,16380,3.640685827915485,0.9987647235393524,0.0,0.7349290125645124,0.6907636101429279,0.12040880712179038,0.6236321194813802,0.0,0.6537721324425477,2.571355932492476,0.24464516674096767,1.428526142010322,1.2118502433483418,0.7147162902813692,,,,,,,,,,,,,,,
127,4.005438600000048,13.050832748413086,8.032417341379018,6.080700178047688e-06,16510,3.624209633240333,1.0000499826211195,0.0,0.7318592096750552,0.6871918850220167,0.11945747936574312,0.5967842035568678,0.0,0.6442739323927806,2.5650541709019588,0.24414225071668624,1.4449498359973614,1.2290010168002201,0.7127451818722945,,,,,,,,,,,,,,,
128,3.9259556000000657,12.32170581817627,7.719433689117432,5.573279580135438e-06,16640,3.6322609112812922,1.0132682566459363,0.0,0.7360211642888876,0.6877013775018546,0.11358466893434524,0.6440929571023354,0.0,0.6501654375057954,2.587556373156034,0.24651264949486806,1.4493456015220054,1.232459538258039,0.717283761042815,,,,,,,,,,,,,,,
129,3.818622199999936,16.070804595947266,8.197970724105835,5.086713060852788e-06,16770,3.683764954713675,1.0009139395677127,0.0,0.7395103365182877,0.6932099218551929,0.11232537870796827,0.6196065987531956,0.0,0.6540528008571038,2.594787299633026,0.2486309934120912,1.4525107365388137,1.2357609459987053,0.7205694171098562,,,,,,,,,,,,,,,
130,3.8068541000000096,14.47445011138916,8.191603110386776,4.621229016452156e-06,16900,3.620698804121751,1.0018949513251965,0.0,0.7375024639643155,0.6881116543824856,0.10144747051482017,0.6249293553141447,0.0,0.6555748233428368,2.5905920138725866,0.24738502066869003,1.4512807873579172,1.2342682554171636,0.7143895566463471,3.898614363236861,1.0692460428584705,3.8422181606292725,0.7358203747055747,0.6889773471788927,0.7046855308792808,0.736704866994511,3.8422181606292725,0.649681115692312,2.7130568569356743,0.2658503604206172,1.6493203152309766,1.4289842464707114,0.8517441993409937,2.7130568808425806
